labela,labelx
a654,zyx_cc_agx_rus_56
a654,zyx_cc_agx_rus_56
a654,zyx_cc_agx_rus_56
a654,zyx_cc_agx_rus_56
a654,zyx_cc_agx_rus_56
a654,zyx_cc_agx_rus_56
a654,zyx_cc_agx_rus_56
a654,zyx_cc_agx_rus_56
a654,zyx_cc_agx_rus_56
anh248,zyx_cc_ani_rus_10
anh248,zyx_cc_ani_rus_10
anh248,zyx_cc_ani_rus_10
anh248,zyx_cc_ani_rus_10
anh384,zyx_cc_ani_rus_11
anh384,zyx_cc_ani_rus_11
a654,zyx_cc_ani_rus_12
a654,zyx_cc_ani_rus_12
a654,zyx_cc_ani_rus_12
a654,zyx_cc_ani_rus_12
a654,zyx_cc_ani_rus_12
a654,zyx_cc_ani_rus_12
a654,zyx_cc_ani_rus_12
a654,zyx_cc_ani_rus_12
a1592B,zyx_cc_ani_rus_16
a1592B,zyx_cc_ani_rus_16
a1592B,zyx_cc_ani_rus_16
a1592B,zyx_cc_ani_rus_16
anh395,zyx_cc_ani_rus_8
anh395,zyx_cc_ani_rus_8
anh395,zyx_cc_ani_rus_8
anh313,zyx_cc_ani_rus_9
anh313,zyx_cc_ani_rus_9
a1592B,zyx_cc_aqc_rus_20
a1592B,zyx_cc_aqc_rus_20
anh577,zyx_cc_aqc_rus_21
anh577,zyx_cc_aqc_rus_21
anh577,zyx_cc_aqc_rus_21
anh248,zyx_cc_aqc_rus_22
aTMJ2672,zyx_cc_aqc_rus_33
a882,zyx_cc_ava_deu_205
a882,zyx_cc_ava_deu_205
a882,zyx_cc_ava_deu_205
a882,zyx_cc_ava_deu_205
a882,zyx_cc_ava_deu_205
a882,zyx_cc_ava_deu_205
a882,zyx_cc_ava_deu_205
a882,zyx_cc_ava_deu_205
a882,zyx_cc_ava_deu_205
a882,zyx_cc_ava_deu_205
a882,zyx_cc_ava_deu_205
a882,zyx_cc_ava_deu_205
a882,zyx_cc_ava_deu_205
a882,zyx_cc_ava_deu_205
a882,zyx_cc_ava_deu_205
a882,zyx_cc_ava_deu_205
a882,zyx_cc_ava_deu_205
a882,zyx_cc_ava_deu_205
a882,zyx_cc_ava_deu_205
a882,zyx_cc_ava_deu_205
a882,zyx_cc_ava_deu_205
a882,zyx_cc_ava_deu_205
a882,zyx_cc_ava_deu_205
a882,zyx_cc_ava_deu_205
a882,zyx_cc_ava_deu_205
a882,zyx_cc_ava_deu_205
a882,zyx_cc_ava_deu_205
a303,zyx_cc_ava_deu_206
a875,zyx_cc_ava_deu_207
a875,zyx_cc_ava_deu_207
a875,zyx_cc_ava_deu_207
a875,zyx_cc_ava_deu_207
a875,zyx_cc_ava_deu_207
a875,zyx_cc_ava_deu_207
a875,zyx_cc_ava_deu_207
a875,zyx_cc_ava_deu_207
a875,zyx_cc_ava_deu_207
a875,zyx_cc_ava_deu_207
a875,zyx_cc_ava_deu_207
a875E,zyx_cc_ava_deu_207
a875E,zyx_cc_ava_deu_207
a875E,zyx_cc_ava_deu_207
aTMJ1545_4,zyx_cc_ava_deu_207
aTMJ1545_4,zyx_cc_ava_deu_207
a875E,zyx_cc_ava_deu_207
a1525E,zyx_cc_ava_deu_208
a1525E,zyx_cc_ava_deu_208
a1525E,zyx_cc_ava_deu_208
a1525E,zyx_cc_ava_deu_208
a1525E,zyx_cc_ava_deu_208
a1525E,zyx_cc_ava_deu_208
a1525E,zyx_cc_ava_deu_208
a1525E,zyx_cc_ava_deu_208
a1525E,zyx_cc_ava_deu_208
a1525E,zyx_cc_ava_deu_208
a1525E,zyx_cc_ava_deu_208
a1525E,zyx_cc_ava_deu_208
a530,zyx_cc_ava_deu_209
a530,zyx_cc_ava_deu_209
a530,zyx_cc_ava_deu_209
a530,zyx_cc_ava_deu_209
a530,zyx_cc_ava_deu_209
a530,zyx_cc_ava_deu_209
a530,zyx_cc_ava_deu_209
a530,zyx_cc_ava_deu_209
a530,zyx_cc_ava_deu_209
a530,zyx_cc_ava_deu_209
a530,zyx_cc_ava_deu_209
a530,zyx_cc_ava_deu_209
a530,zyx_cc_ava_deu_209
a314A,zyx_cc_ava_deu_209
a314A,zyx_cc_ava_deu_209
a314A,zyx_cc_ava_deu_209
a314A,zyx_cc_ava_deu_209
a314A,zyx_cc_ava_deu_209
a314A,zyx_cc_ava_deu_209
a314A,zyx_cc_ava_deu_209
a701,zyx_cc_ava_deu_210
a701,zyx_cc_ava_deu_210
a701,zyx_cc_ava_deu_210
a701,zyx_cc_ava_deu_210
a701,zyx_cc_ava_deu_210
a726,zyx_cc_ava_deu_212
a726,zyx_cc_ava_deu_212
a726,zyx_cc_ava_deu_212
a726,zyx_cc_ava_deu_212
a726,zyx_cc_ava_deu_212
a726,zyx_cc_ava_deu_212
a726,zyx_cc_ava_deu_212
a726,zyx_cc_ava_deu_212
a726,zyx_cc_ava_deu_212
a460A,zyx_cc_ava_deu_213
a460A,zyx_cc_ava_deu_213
a460A,zyx_cc_ava_deu_213
a460A,zyx_cc_ava_deu_213
a460A,zyx_cc_ava_deu_213
a460A,zyx_cc_ava_deu_213
a460A,zyx_cc_ava_deu_213
a460A,zyx_cc_ava_deu_213
a460A,zyx_cc_ava_deu_213
a460A,zyx_cc_ava_deu_213
anh789,zyx_cc_ava_rus_214
anh789,zyx_cc_ava_rus_214
anh789,zyx_cc_ava_rus_214
a327,zyx_cc_ddo_kat_95
a327,zyx_cc_ddo_kat_95
a313,zyx_cc_ddo_kat_95
a313,zyx_cc_ddo_kat_95
a327,zyx_cc_ddo_kat_95
a514,zyx_cc_xmf_kat_4
a514,zyx_cc_xmf_kat_4
a514,zyx_cc_xmf_kat_4
a514,zyx_cc_xmf_kat_4
a514,zyx_cc_xmf_kat_4
a514,zyx_cc_xmf_kat_4
a514,zyx_cc_xmf_kat_4
a514,zyx_cc_xmf_kat_4
a514,zyx_cc_xmf_kat_4
a514,zyx_cc_xmf_kat_4
a514,zyx_cc_xmf_kat_4
a514,zyx_cc_xmf_kat_4
a514,zyx_cc_xmf_kat_4
a514,zyx_cc_xmf_kat_4
a514,zyx_cc_xmf_kat_4
a514,zyx_cc_xmf_kat_4
a514,zyx_cc_xmf_kat_4
a514,zyx_cc_xmf_kat_4
a514,zyx_cc_xmf_kat_4
a514,zyx_cc_xmf_kat_4
a514,zyx_cc_xmf_kat_4
a514,zyx_cc_xmf_kat_4
a514,zyx_cc_xmf_kat_4
a514,zyx_cc_xmf_kat_4
a514,zyx_cc_xmf_kat_4
a514,zyx_cc_xmf_kat_4
a514,zyx_cc_xmf_kat_4
a514,zyx_cc_xmf_kat_4
a514,zyx_cc_xmf_kat_4
a514,zyx_cc_xmf_kat_4
a514,zyx_cc_xmf_kat_4
a514,zyx_cc_xmf_kat_4
a514,zyx_cc_xmf_kat_4
a514,zyx_cc_xmf_kat_4
a514,zyx_cc_xmf_kat_4
a514,zyx_cc_xmf_kat_4
a514,zyx_cc_xmf_kat_4
a514,zyx_cc_xmf_kat_4
aE2,zyx_cr_agx_rus_1
aE2,zyx_cr_agx_rus_1
aE2,zyx_cr_agx_rus_1
aE2,zyx_cr_agx_rus_1
aE2,zyx_cr_agx_rus_1
aE2,zyx_cr_agx_rus_1
aE2,zyx_cr_agx_rus_1
aE2,zyx_cr_agx_rus_1
aE2,zyx_cr_agx_rus_1
aE2,zyx_cr_agx_rus_1
aE2,zyx_cr_agx_rus_1
aE2,zyx_cr_agx_rus_1
aE2,zyx_cr_agx_rus_1
aE2,zyx_cr_agx_rus_1
aE2,zyx_cr_agx_rus_1
aE2,zyx_cr_agx_rus_1
aE2,zyx_cr_agx_rus_1
aE2,zyx_cr_agx_rus_1
aE2,zyx_cr_agx_rus_1
aE2,zyx_cr_agx_rus_1
a1543,zyx_cr_agx_rus_10
a1543,zyx_cr_agx_rus_10
a1543,zyx_cr_agx_rus_10
a1543,zyx_cr_agx_rus_10
anh531,zyx_cr_agx_rus_11
anh531,zyx_cr_agx_rus_11
anh531,zyx_cr_agx_rus_11
aTMJ2672,zyx_cr_agx_rus_12
aTMJ2672,zyx_cr_agx_rus_12
aTMJ2672,zyx_cr_agx_rus_12
anh395,zyx_cr_agx_rus_13
anh395,zyx_cr_agx_rus_13
anh395,zyx_cr_agx_rus_13
anh395,zyx_cr_agx_rus_13
a56B,zyx_cr_agx_rus_14
a56B,zyx_cr_agx_rus_14
a56B,zyx_cr_agx_rus_14
a56B,zyx_cr_agx_rus_14
a8,zyx_cr_agx_rus_14
a38,zyx_cr_agx_rus_14
anh921,zyx_cr_agx_rus_15
anh921,zyx_cr_agx_rus_15
anh921,zyx_cr_agx_rus_15
anh921,zyx_cr_agx_rus_15
anh483,zyx_cr_agx_rus_16
anh483,zyx_cr_agx_rus_16
anh395,zyx_cr_agx_rus_17
anh395,zyx_cr_agx_rus_17
anh395,zyx_cr_agx_rus_17
anh395,zyx_cr_agx_rus_17
a1640,zyx_cr_agx_rus_18
a1640,zyx_cr_agx_rus_18
a1640,zyx_cr_agx_rus_18
a1640,zyx_cr_agx_rus_18
anh483,zyx_cr_agx_rus_19
anh483,zyx_cr_agx_rus_19
anh483,zyx_cr_agx_rus_19
anh483,zyx_cr_agx_rus_19
a301,zyx_cr_agx_rus_2
a301,zyx_cr_agx_rus_2
a301,zyx_cr_agx_rus_2
a301,zyx_cr_agx_rus_2
a301,zyx_cr_agx_rus_2
a300,zyx_cr_agx_rus_2
a300,zyx_cr_agx_rus_2
a300,zyx_cr_agx_rus_2
a300,zyx_cr_agx_rus_2
a300,zyx_cr_agx_rus_2
a300,zyx_cr_agx_rus_2
a300,zyx_cr_agx_rus_2
a300,zyx_cr_agx_rus_2
a300,zyx_cr_agx_rus_2
a300,zyx_cr_agx_rus_2
a300,zyx_cr_agx_rus_2
a300,zyx_cr_agx_rus_2
a300,zyx_cr_agx_rus_2
a300,zyx_cr_agx_rus_2
a300,zyx_cr_agx_rus_2
anh344,zyx_cr_agx_rus_20
anh344,zyx_cr_agx_rus_20
anh344,zyx_cr_agx_rus_20
anh344,zyx_cr_agx_rus_20
anh344,zyx_cr_agx_rus_20
anh344,zyx_cr_agx_rus_20
a922,zyx_cr_agx_rus_21
a992,zyx_cr_agx_rus_21
a992,zyx_cr_agx_rus_21
a992,zyx_cr_agx_rus_21
a992,zyx_cr_agx_rus_21
a992,zyx_cr_agx_rus_21
a992,zyx_cr_agx_rus_21
a992,zyx_cr_agx_rus_21
a992,zyx_cr_agx_rus_21
a930,zyx_cr_agx_rus_22
a930,zyx_cr_agx_rus_22
a930,zyx_cr_agx_rus_22
a930,zyx_cr_agx_rus_22
a930,zyx_cr_agx_rus_22
a930,zyx_cr_agx_rus_22
anh344,zyx_cr_agx_rus_24
anh344,zyx_cr_agx_rus_24
anh344,zyx_cr_agx_rus_24
anh344,zyx_cr_agx_rus_24
a1592B,zyx_cr_agx_rus_27
a1592B,zyx_cr_agx_rus_27
a545B,zyx_cr_agx_rus_29
a545B,zyx_cr_agx_rus_29
a545B,zyx_cr_agx_rus_29
a545B,zyx_cr_agx_rus_29
a545B,zyx_cr_agx_rus_29
a545B,zyx_cr_agx_rus_29
a545B,zyx_cr_agx_rus_29
a545B,zyx_cr_agx_rus_29
a545B,zyx_cr_agx_rus_29
a545B,zyx_cr_agx_rus_29
a545B,zyx_cr_agx_rus_29
a545B,zyx_cr_agx_rus_29
a545B,zyx_cr_agx_rus_29
a545B,zyx_cr_agx_rus_29
a545B,zyx_cr_agx_rus_29
a1164,zyx_cr_agx_rus_3
a1164,zyx_cr_agx_rus_3
a1862B,zyx_cr_agx_rus_3
a1862B,zyx_cr_agx_rus_3
a1862B,zyx_cr_agx_rus_3
a1862B,zyx_cr_agx_rus_3
a1862B,zyx_cr_agx_rus_3
a1164,zyx_cr_agx_rus_3
a1164,zyx_cr_agx_rus_3
a1164,zyx_cr_agx_rus_3
a1164,zyx_cr_agx_rus_3
a56A,zyx_cr_agx_rus_30
a56A,zyx_cr_agx_rus_30
a56A,zyx_cr_agx_rus_30
a56A,zyx_cr_agx_rus_30
a1543,zyx_cc_agx_rus_35
a1543,zyx_cc_agx_rus_35
a1543,zyx_cc_agx_rus_35
a1543,zyx_cc_agx_rus_35
a1543,zyx_cc_agx_rus_35
anh531,zyx_cc_agx_rus_36
anh531,zyx_cc_agx_rus_36
anh531,zyx_cc_agx_rus_36
aTMJ2672,zyx_cr_agx_rus_37
aTMJ2672,zyx_cr_agx_rus_37
aTMJ2672,zyx_cr_agx_rus_37
anh395,zyx_cr_agx_rus_38
anh395,zyx_cr_agx_rus_38
anh395,zyx_cr_agx_rus_38
anh395,zyx_cr_agx_rus_38
a56B,zyx_cr_agx_rus_39
a56B,zyx_cr_agx_rus_39
a56B,zyx_cr_agx_rus_39
a56B,zyx_cr_agx_rus_39
a8,zyx_cr_agx_rus_39
a38,zyx_cr_agx_rus_39
a329,zyx_cr_agx_rus_4
a329,zyx_cr_agx_rus_4
a329,zyx_cr_agx_rus_4
a329,zyx_cr_agx_rus_4
a329,zyx_cr_agx_rus_4
a329,zyx_cr_agx_rus_4
a329,zyx_cr_agx_rus_4
a329,zyx_cr_agx_rus_4
a329,zyx_cr_agx_rus_4
a329,zyx_cr_agx_rus_4
a329,zyx_cr_agx_rus_4
a329,zyx_cr_agx_rus_4
a329,zyx_cr_agx_rus_4
anh921,zyx_cr_agx_rus_40
anh483,zyx_cr_agx_rus_41
anh483,zyx_cr_agx_rus_41
anh483,zyx_cr_agx_rus_41
anh483,zyx_cr_agx_rus_41
anh483,zyx_cr_agx_rus_41
anh483,zyx_cr_agx_rus_41
anh395,zyx_cr_agx_rus_42
anh395,zyx_cr_agx_rus_42
anh395,zyx_cr_agx_rus_42
anh395,zyx_cr_agx_rus_42
a1640,zyx_cr_agx_rus_43
anh483,zyx_cr_agx_rus_44
anh483,zyx_cr_agx_rus_44
anh483,zyx_cr_agx_rus_44
anh483,zyx_cr_agx_rus_44
anh483,zyx_cr_agx_rus_44
anh344,zyx_cr_agx_rus_45
anh344,zyx_cr_agx_rus_45
anh344,zyx_cr_agx_rus_45
anh344,zyx_cr_agx_rus_45
anh344,zyx_cr_agx_rus_45
anh344,zyx_cr_agx_rus_45
a930,zyx_cr_agx_rus_47
a930,zyx_cr_agx_rus_47
a930,zyx_cr_agx_rus_47
a930,zyx_cr_agx_rus_47
a930,zyx_cr_agx_rus_47
a930,zyx_cr_agx_rus_47
anh344,zyx_cr_agx_rus_49
anh344,zyx_cr_agx_rus_49
anh344,zyx_cr_agx_rus_49
anh344,zyx_cr_agx_rus_49
anh344,zyx_cr_agx_rus_49
a1592B,zyx_cr_agx_rus_52
a1592B,zyx_cr_agx_rus_52
a545B,zyx_cr_agx_rus_53
a545B,zyx_cr_agx_rus_53
a545B,zyx_cr_agx_rus_53
a545B,zyx_cr_agx_rus_53
a545B,zyx_cr_agx_rus_53
a545B,zyx_cr_agx_rus_53
a545B,zyx_cr_agx_rus_53
a545B,zyx_cr_agx_rus_53
a545B,zyx_cr_agx_rus_53
a545B,zyx_cr_agx_rus_53
a545B,zyx_cr_agx_rus_53
a545B,zyx_cr_agx_rus_53
a545B,zyx_cr_agx_rus_53
a325,zyx_cr_agx_rus_6
a325,zyx_cr_agx_rus_6
a325,zyx_cr_agx_rus_6
a325,zyx_cr_agx_rus_6
a325,zyx_cr_agx_rus_6
a325,zyx_cr_agx_rus_6
a930,zyx_cr_agx_rus_8
a930,zyx_cr_agx_rus_8
a930,zyx_cr_agx_rus_8
a930,zyx_cr_agx_rus_8
a930,zyx_cr_agx_rus_8
a930,zyx_cr_agx_rus_8
a930,zyx_cr_agx_rus_8
a910K,zyx_cr_agx_rus_8
a910K,zyx_cr_agx_rus_8
a910K,zyx_cr_agx_rus_8
a910K,zyx_cr_agx_rus_8
a910K,zyx_cr_agx_rus_8
a910K,zyx_cr_agx_rus_8
a314,zyx_cr_agx_rus_9
a314,zyx_cr_agx_rus_9
a314,zyx_cr_agx_rus_9
a314,zyx_cr_agx_rus_9
a314,zyx_cr_agx_rus_9
a314,zyx_cr_agx_rus_9
a314,zyx_cr_agx_rus_9
a314,zyx_cr_agx_rus_9
a314,zyx_cr_agx_rus_9
anh384,zyx_cr_ani_rus_1
anh384,zyx_cr_ani_rus_1
aTMJ1522_1,zyx_cr_ani_rus_2
aTMJ1522_1,zyx_cr_ani_rus_2
a950,zyx_cr_aqc_rus_13
a950,zyx_cr_aqc_rus_13
a950,zyx_cr_aqc_rus_13
a950,zyx_cr_aqc_rus_13
a950,zyx_cr_aqc_rus_13
a950,zyx_cr_aqc_rus_13
a950,zyx_cr_aqc_rus_13
a950,zyx_cr_aqc_rus_13
a1525G,zyx_cr_aqc_rus_13
a1525G,zyx_cr_aqc_rus_13
a1525G,zyx_cr_aqc_rus_13
a1525G,zyx_cr_aqc_rus_13
a1525G,zyx_cr_aqc_rus_13
a563,zyx_cr_aqc_rus_17
a563,zyx_cr_aqc_rus_17
a563,zyx_cr_aqc_rus_17
a563,zyx_cr_aqc_rus_17
a563,zyx_cr_aqc_rus_17
a563,zyx_cr_aqc_rus_17
a563,zyx_cr_aqc_rus_17
a563,zyx_cr_aqc_rus_17
a563,zyx_cr_aqc_rus_17
a563,zyx_cr_aqc_rus_17
a563,zyx_cr_aqc_rus_17
a563,zyx_cr_aqc_rus_17
a563,zyx_cr_aqc_rus_17
a550,zyx_cr_aqc_rus_18
a550,zyx_cr_aqc_rus_18
a550,zyx_cr_aqc_rus_18
a550,zyx_cr_aqc_rus_18
a550,zyx_cr_aqc_rus_18
a550,zyx_cr_aqc_rus_18
a531,zyx_cr_aqc_rus_18
a531,zyx_cr_aqc_rus_18
a550,zyx_cr_aqc_rus_18
a550,zyx_cr_aqc_rus_18
a550,zyx_cr_aqc_rus_18
a550,zyx_cr_aqc_rus_18
a550,zyx_cr_aqc_rus_18
a563,zyx_cr_aqc_rus_5
a563,zyx_cr_aqc_rus_5
a563,zyx_cr_aqc_rus_5
a563,zyx_cr_aqc_rus_5
a563,zyx_cr_aqc_rus_5
a563,zyx_cr_aqc_rus_5
a563,zyx_cr_aqc_rus_5
a563,zyx_cr_aqc_rus_5
a563,zyx_cr_aqc_rus_5
a563,zyx_cr_aqc_rus_5
a563,zyx_cr_aqc_rus_5
a563,zyx_cr_aqc_rus_5
a563,zyx_cr_aqc_rus_5
a563,zyx_cr_aqc_rus_5
a563,zyx_cr_aqc_rus_5
a550,zyx_cr_aqc_rus_6
a550,zyx_cr_aqc_rus_6
a550,zyx_cr_aqc_rus_6
a550,zyx_cr_aqc_rus_6
a550,zyx_cr_aqc_rus_6
a550,zyx_cr_aqc_rus_6
a531,zyx_cr_aqc_rus_6
a531,zyx_cr_aqc_rus_6
a531,zyx_cr_aqc_rus_6
a531,zyx_cr_aqc_rus_6
a550,zyx_cr_aqc_rus_6
a550,zyx_cr_aqc_rus_6
a550,zyx_cr_aqc_rus_6
a550,zyx_cr_aqc_rus_6
a550,zyx_cr_aqc_rus_6
a304,zyx_cr_ava_rus_10
a304,zyx_cr_ava_rus_10
a304,zyx_cr_ava_rus_10
a304,zyx_cr_ava_rus_10
a304,zyx_cr_ava_rus_10
a304,zyx_cr_ava_rus_10
a304,zyx_cr_ava_rus_10
a304,zyx_cr_ava_rus_10
a304,zyx_cr_ava_rus_10
a304,zyx_cr_ava_rus_10
a1528,zyx_cr_ava_rus_101
anh391,zyx_cr_ava_rus_101
a1553,zyx_cr_ava_rus_102
a1553,zyx_cr_ava_rus_102
a1553,zyx_cr_ava_rus_102
a303,zyx_cr_ava_rus_104
a303,zyx_cr_ava_rus_104
a303,zyx_cr_ava_rus_104
a303,zyx_cr_ava_rus_104
a303,zyx_cr_ava_rus_104
a327A,zyx_cr_ava_rus_104
a327A,zyx_cr_ava_rus_104
a327A,zyx_cr_ava_rus_104
a303,zyx_cr_ava_rus_104
a303,zyx_cr_ava_rus_104
a314,zyx_cr_ava_rus_104
a314,zyx_cr_ava_rus_104
a314,zyx_cr_ava_rus_104
a314,zyx_cr_ava_rus_104
a314,zyx_cr_ava_rus_104
a314,zyx_cr_ava_rus_104
a314,zyx_cr_ava_rus_104
a314,zyx_cr_ava_rus_104
a314,zyx_cr_ava_rus_104
a314,zyx_cr_ava_rus_104
a314,zyx_cr_ava_rus_104
a314,zyx_cr_ava_rus_104
a314,zyx_cr_ava_rus_104
a314,zyx_cr_ava_rus_104
a314,zyx_cr_ava_rus_104
a314,zyx_cr_ava_rus_104
a314,zyx_cr_ava_rus_104
a314,zyx_cr_ava_rus_104
a314,zyx_cr_ava_rus_104
a314,zyx_cr_ava_rus_104
a314,zyx_cr_ava_rus_104
a314,zyx_cr_ava_rus_104
a314,zyx_cr_ava_rus_104
a303,zyx_cr_ava_rus_104
a303,zyx_cr_ava_rus_104
a303,zyx_cr_ava_rus_104
a303,zyx_cr_ava_rus_104
a303,zyx_cr_ava_rus_104
a314,zyx_cr_ava_rus_104
a314,zyx_cr_ava_rus_104
a314,zyx_cr_ava_rus_104
a314,zyx_cr_ava_rus_104
a303,zyx_cr_ava_rus_104
a1199,zyx_cr_ava_rus_105
a1199,zyx_cr_ava_rus_105
a551,zyx_cr_ava_rus_106
a551,zyx_cr_ava_rus_106
a551,zyx_cr_ava_rus_106
a551,zyx_cr_ava_rus_106
a551,zyx_cr_ava_rus_106
a551,zyx_cr_ava_rus_106
a551,zyx_cr_ava_rus_106
a551,zyx_cr_ava_rus_106
a551,zyx_cr_ava_rus_106
a551,zyx_cr_ava_rus_106
a551,zyx_cr_ava_rus_106
a551,zyx_cr_ava_rus_106
a551,zyx_cr_ava_rus_106
a551,zyx_cr_ava_rus_106
a551,zyx_cr_ava_rus_106
a1354A*,zyx_cr_ava_rus_107
a1354A*,zyx_cr_ava_rus_107
a715,zyx_cr_ava_rus_108
a715,zyx_cr_ava_rus_108
a715,zyx_cr_ava_rus_108
a715,zyx_cr_ava_rus_108
a715,zyx_cr_ava_rus_108
a715,zyx_cr_ava_rus_108
a715,zyx_cr_ava_rus_108
a715,zyx_cr_ava_rus_108
a715,zyx_cr_ava_rus_108
a715,zyx_cr_ava_rus_108
a715,zyx_cr_ava_rus_108
a715,zyx_cr_ava_rus_108
a910B,zyx_cr_ava_rus_109
a910B,zyx_cr_ava_rus_109
a505,zyx_cr_ava_rus_109
a910B,zyx_cr_ava_rus_109
a563,zyx_cr_ava_rus_11
a563,zyx_cr_ava_rus_11
a563,zyx_cr_ava_rus_11
a563,zyx_cr_ava_rus_11
a563,zyx_cr_ava_rus_11
a563,zyx_cr_ava_rus_11
a563,zyx_cr_ava_rus_11
a563,zyx_cr_ava_rus_11
a563,zyx_cr_ava_rus_11
a563,zyx_cr_ava_rus_11
a563,zyx_cr_ava_rus_11
a563,zyx_cr_ava_rus_11
a563,zyx_cr_ava_rus_11
a563,zyx_cr_ava_rus_11
a563,zyx_cr_ava_rus_11
a563,zyx_cr_ava_rus_11
a563,zyx_cr_ava_rus_11
a563,zyx_cr_ava_rus_11
a650A,zyx_cr_ava_rus_110
a650A,zyx_cr_ava_rus_110
a650A,zyx_cr_ava_rus_110
a650A,zyx_cr_ava_rus_110
a650A,zyx_cr_ava_rus_110
a650A,zyx_cr_ava_rus_110
a650A,zyx_cr_ava_rus_110
a650A,zyx_cr_ava_rus_110
a650A,zyx_cr_ava_rus_110
a650A,zyx_cr_ava_rus_110
a650A,zyx_cr_ava_rus_110
a650A,zyx_cr_ava_rus_110
a650A,zyx_cr_ava_rus_110
a650A,zyx_cr_ava_rus_110
a650A,zyx_cr_ava_rus_110
a650A,zyx_cr_ava_rus_110
a650A,zyx_cr_ava_rus_110
a301,zyx_cr_ava_rus_110
a301,zyx_cr_ava_rus_110
a301,zyx_cr_ava_rus_110
a301,zyx_cr_ava_rus_110
a301,zyx_cr_ava_rus_110
a301,zyx_cr_ava_rus_110
a301,zyx_cr_ava_rus_110
a301,zyx_cr_ava_rus_110
a301,zyx_cr_ava_rus_110
a301,zyx_cr_ava_rus_110
a301,zyx_cr_ava_rus_110
a301,zyx_cr_ava_rus_110
a301,zyx_cr_ava_rus_110
a301,zyx_cr_ava_rus_110
a301,zyx_cr_ava_rus_110
a301,zyx_cr_ava_rus_110
a300,zyx_cr_ava_rus_110
a300,zyx_cr_ava_rus_110
a300,zyx_cr_ava_rus_110
a300,zyx_cr_ava_rus_110
a300,zyx_cr_ava_rus_110
a300,zyx_cr_ava_rus_110
a300,zyx_cr_ava_rus_110
a300,zyx_cr_ava_rus_110
a300,zyx_cr_ava_rus_110
a300,zyx_cr_ava_rus_110
a300,zyx_cr_ava_rus_110
a300,zyx_cr_ava_rus_110
a301,zyx_cr_ava_rus_110
a301,zyx_cr_ava_rus_110
a550,zyx_cr_ava_rus_112
a550,zyx_cr_ava_rus_112
a550,zyx_cr_ava_rus_112
a550,zyx_cr_ava_rus_112
a550,zyx_cr_ava_rus_112
a550,zyx_cr_ava_rus_112
a531,zyx_cr_ava_rus_112
a531,zyx_cr_ava_rus_112
a531,zyx_cr_ava_rus_112
a531,zyx_cr_ava_rus_112
a531,zyx_cr_ava_rus_112
a531,zyx_cr_ava_rus_112
a531,zyx_cr_ava_rus_112
a531,zyx_cr_ava_rus_112
a531,zyx_cr_ava_rus_112
a531,zyx_cr_ava_rus_112
a531,zyx_cr_ava_rus_112
a550,zyx_cr_ava_rus_112
a550,zyx_cr_ava_rus_112
a550,zyx_cr_ava_rus_112
a550,zyx_cr_ava_rus_112
a550,zyx_cr_ava_rus_112
a550,zyx_cr_ava_rus_112
a550,zyx_cr_ava_rus_112
a545B,zyx_cr_ava_rus_113
a545B,zyx_cr_ava_rus_113
a545B,zyx_cr_ava_rus_113
a545B,zyx_cr_ava_rus_113
a545B,zyx_cr_ava_rus_113
a545B,zyx_cr_ava_rus_113
a545B,zyx_cr_ava_rus_113
a545B,zyx_cr_ava_rus_113
a545B,zyx_cr_ava_rus_113
a545B,zyx_cr_ava_rus_113
a545B,zyx_cr_ava_rus_113
a545B,zyx_cr_ava_rus_113
a545B,zyx_cr_ava_rus_113
a545B,zyx_cr_ava_rus_113
a545B,zyx_cr_ava_rus_113
a545B,zyx_cr_ava_rus_113
a545B,zyx_cr_ava_rus_113
a545B,zyx_cr_ava_rus_113
a315A,zyx_cr_ava_rus_114
a315A,zyx_cr_ava_rus_114
a315A,zyx_cr_ava_rus_114
a315A,zyx_cr_ava_rus_114
a315A,zyx_cr_ava_rus_114
a321,zyx_cr_ava_rus_114
a321,zyx_cr_ava_rus_114
a321,zyx_cr_ava_rus_114
a321,zyx_cr_ava_rus_114
a315A,zyx_cr_ava_rus_114
a315A,zyx_cr_ava_rus_114
a321,zyx_cr_ava_rus_114
a1164,zyx_cr_ava_rus_115
a1164,zyx_cr_ava_rus_115
a1862B,zyx_cr_ava_rus_115
a1862B,zyx_cr_ava_rus_115
a1862B,zyx_cr_ava_rus_115
a1862B,zyx_cr_ava_rus_115
a1164,zyx_cr_ava_rus_115
a1164,zyx_cr_ava_rus_115
a1633,zyx_cr_ava_rus_116
a1633,zyx_cr_ava_rus_116
a1633,zyx_cr_ava_rus_116
a1633,zyx_cr_ava_rus_116
a1633,zyx_cr_ava_rus_116
a1633,zyx_cr_ava_rus_116
a1920H,zyx_cr_ava_rus_116
a1920H,zyx_cr_ava_rus_116
a1920H,zyx_cr_ava_rus_116
a1920H,zyx_cr_ava_rus_116
a1960,zyx_cr_ava_rus_116
a1960,zyx_cr_ava_rus_116
a1960,zyx_cr_ava_rus_116
a1920H,zyx_cr_ava_rus_116
a1633,zyx_cr_ava_rus_116
a552,zyx_cr_ava_rus_117
a552,zyx_cr_ava_rus_117
a552,zyx_cr_ava_rus_117
a552,zyx_cr_ava_rus_117
a552,zyx_cr_ava_rus_117
a552,zyx_cr_ava_rus_117
a552,zyx_cr_ava_rus_117
a552,zyx_cr_ava_rus_117
a552,zyx_cr_ava_rus_117
a552,zyx_cr_ava_rus_117
a552,zyx_cr_ava_rus_117
a552,zyx_cr_ava_rus_117
a552,zyx_cr_ava_rus_117
a552,zyx_cr_ava_rus_117
a552,zyx_cr_ava_rus_117
a552,zyx_cr_ava_rus_117
a552,zyx_cr_ava_rus_117
a552,zyx_cr_ava_rus_117
a552,zyx_cr_ava_rus_117
a552,zyx_cr_ava_rus_117
a552,zyx_cr_ava_rus_117
a552,zyx_cr_ava_rus_117
a552,zyx_cr_ava_rus_117
a552,zyx_cr_ava_rus_117
a552,zyx_cr_ava_rus_117
a552,zyx_cr_ava_rus_117
a552,zyx_cr_ava_rus_117
a552,zyx_cr_ava_rus_117
a552,zyx_cr_ava_rus_117
aEB279,zyx_cr_ava_rus_118
aEB279,zyx_cr_ava_rus_118
aEB279,zyx_cr_ava_rus_118
aEB279,zyx_cr_ava_rus_118
aEB279,zyx_cr_ava_rus_118
aEB279,zyx_cr_ava_rus_118
aEB279,zyx_cr_ava_rus_118
aEB279,zyx_cr_ava_rus_118
aEB279,zyx_cr_ava_rus_118
a329,zyx_cr_ava_rus_119
a329,zyx_cr_ava_rus_119
a329,zyx_cr_ava_rus_119
a329,zyx_cr_ava_rus_119
a329,zyx_cr_ava_rus_119
a329,zyx_cr_ava_rus_119
a329,zyx_cr_ava_rus_119
a329,zyx_cr_ava_rus_119
a329,zyx_cr_ava_rus_119
a329,zyx_cr_ava_rus_119
a329,zyx_cr_ava_rus_119
a329,zyx_cr_ava_rus_119
a329,zyx_cr_ava_rus_119
a329,zyx_cr_ava_rus_119
a329,zyx_cr_ava_rus_119
a329,zyx_cr_ava_rus_119
a327B,zyx_cr_ava_rus_12
a327B,zyx_cr_ava_rus_12
a327B,zyx_cr_ava_rus_12
a327B,zyx_cr_ava_rus_12
a327B,zyx_cr_ava_rus_12
a327B,zyx_cr_ava_rus_12
a327B,zyx_cr_ava_rus_12
a327B,zyx_cr_ava_rus_12
a327B,zyx_cr_ava_rus_12
a327B,zyx_cr_ava_rus_12
a327B,zyx_cr_ava_rus_12
a327B,zyx_cr_ava_rus_12
a327B,zyx_cr_ava_rus_12
a328,zyx_cr_ava_rus_12
a328,zyx_cr_ava_rus_12
a328,zyx_cr_ava_rus_12
a328,zyx_cr_ava_rus_12
a328,zyx_cr_ava_rus_12
a328,zyx_cr_ava_rus_12
a328,zyx_cr_ava_rus_12
a328,zyx_cr_ava_rus_12
a328,zyx_cr_ava_rus_12
a328,zyx_cr_ava_rus_12
a328,zyx_cr_ava_rus_12
a328,zyx_cr_ava_rus_12
a328,zyx_cr_ava_rus_12
a328,zyx_cr_ava_rus_12
a328,zyx_cr_ava_rus_12
a328,zyx_cr_ava_rus_12
a328,zyx_cr_ava_rus_12
a812,zyx_cr_ava_rus_120
a812,zyx_cr_ava_rus_120
a812,zyx_cr_ava_rus_120
a812,zyx_cr_ava_rus_120
a531,zyx_cr_ava_rus_121
a531,zyx_cr_ava_rus_121
a531,zyx_cr_ava_rus_121
a531,zyx_cr_ava_rus_121
a531,zyx_cr_ava_rus_121
a531,zyx_cr_ava_rus_121
a531,zyx_cr_ava_rus_121
a531,zyx_cr_ava_rus_121
a531,zyx_cr_ava_rus_121
a531,zyx_cr_ava_rus_121
a531,zyx_cr_ava_rus_121
a531,zyx_cr_ava_rus_121
a513A,zyx_cr_ava_rus_121
a513A,zyx_cr_ava_rus_121
a513A,zyx_cr_ava_rus_121
a513A,zyx_cr_ava_rus_121
a513A,zyx_cr_ava_rus_121
a516,zyx_cr_ava_rus_121
a516,zyx_cr_ava_rus_121
a516,zyx_cr_ava_rus_121
a513A,zyx_cr_ava_rus_121
a513A,zyx_cr_ava_rus_121
a513A,zyx_cr_ava_rus_121
a513A,zyx_cr_ava_rus_121
a513A,zyx_cr_ava_rus_121
a531,zyx_cr_ava_rus_121
a611,zyx_cr_ava_rus_122
a611,zyx_cr_ava_rus_122
a611,zyx_cr_ava_rus_122
a611,zyx_cr_ava_rus_122
a611,zyx_cr_ava_rus_122
a611,zyx_cr_ava_rus_122
a571,zyx_cr_ava_rus_122
a571,zyx_cr_ava_rus_122
a571,zyx_cr_ava_rus_122
a571,zyx_cr_ava_rus_122
a571,zyx_cr_ava_rus_122
a571,zyx_cr_ava_rus_122
a571,zyx_cr_ava_rus_122
a611,zyx_cr_ava_rus_122
a2031C,zyx_cr_ava_rus_123
a2031C,zyx_cr_ava_rus_123
a2031C,zyx_cr_ava_rus_123
a2031C,zyx_cr_ava_rus_123
a2031C,zyx_cr_ava_rus_123
a2031C,zyx_cr_ava_rus_123
a465,zyx_cr_ava_rus_129
a465,zyx_cr_ava_rus_129
a465,zyx_cr_ava_rus_129
a465,zyx_cr_ava_rus_129
a465,zyx_cr_ava_rus_129
a465,zyx_cr_ava_rus_129
a465,zyx_cr_ava_rus_129
a465,zyx_cr_ava_rus_129
a465,zyx_cr_ava_rus_129
a465,zyx_cr_ava_rus_129
a465,zyx_cr_ava_rus_129
a465,zyx_cr_ava_rus_129
a465,zyx_cr_ava_rus_129
a465,zyx_cr_ava_rus_129
a465,zyx_cr_ava_rus_129
a465,zyx_cr_ava_rus_129
a465,zyx_cr_ava_rus_129
a465,zyx_cr_ava_rus_129
a1640,zyx_cr_ava_rus_13
a1640,zyx_cr_ava_rus_13
a1640,zyx_cr_ava_rus_13
a1640,zyx_cr_ava_rus_13
a1640,zyx_cr_ava_rus_13
a1640,zyx_cr_ava_rus_13
a1640,zyx_cr_ava_rus_13
a1640,zyx_cr_ava_rus_13
a1640,zyx_cr_ava_rus_13
a1640,zyx_cr_ava_rus_13
a1640,zyx_cr_ava_rus_13
a313,zyx_cr_ava_rus_130
a313,zyx_cr_ava_rus_130
a313,zyx_cr_ava_rus_130
a313,zyx_cr_ava_rus_130
a313,zyx_cr_ava_rus_130
a400,zyx_cr_ava_rus_130
a400,zyx_cr_ava_rus_130
a313,zyx_cr_ava_rus_130
a313,zyx_cr_ava_rus_130
a313,zyx_cr_ava_rus_130
a313,zyx_cr_ava_rus_130
a313,zyx_cr_ava_rus_130
a313,zyx_cr_ava_rus_130
a313,zyx_cr_ava_rus_130
a313,zyx_cr_ava_rus_130
a313,zyx_cr_ava_rus_130
a313,zyx_cr_ava_rus_130
a313,zyx_cr_ava_rus_130
a313,zyx_cr_ava_rus_130
a313,zyx_cr_ava_rus_130
a313,zyx_cr_ava_rus_130
a313,zyx_cr_ava_rus_130
a313,zyx_cr_ava_rus_130
a313,zyx_cr_ava_rus_130
a313,zyx_cr_ava_rus_130
a313,zyx_cr_ava_rus_130
a313,zyx_cr_ava_rus_130
a715,zyx_cr_ava_rus_131
a715,zyx_cr_ava_rus_131
a715,zyx_cr_ava_rus_131
a715,zyx_cr_ava_rus_131
a715,zyx_cr_ava_rus_131
a715,zyx_cr_ava_rus_131
a715,zyx_cr_ava_rus_131
a715,zyx_cr_ava_rus_131
a715,zyx_cr_ava_rus_131
a715,zyx_cr_ava_rus_131
a715,zyx_cr_ava_rus_131
a715,zyx_cr_ava_rus_131
a715,zyx_cr_ava_rus_131
a314,zyx_cr_ava_rus_132
a314,zyx_cr_ava_rus_132
a314,zyx_cr_ava_rus_132
a314,zyx_cr_ava_rus_132
a314,zyx_cr_ava_rus_132
a314,zyx_cr_ava_rus_132
a314,zyx_cr_ava_rus_132
a449,zyx_cr_ava_rus_132
a321,zyx_cr_ava_rus_132
a321,zyx_cr_ava_rus_132
a321,zyx_cr_ava_rus_132
a321,zyx_cr_ava_rus_132
a321,zyx_cr_ava_rus_132
a321,zyx_cr_ava_rus_132
a321,zyx_cr_ava_rus_132
a321,zyx_cr_ava_rus_132
a321,zyx_cr_ava_rus_132
a321,zyx_cr_ava_rus_132
a327B,zyx_cr_ava_rus_133
a327B,zyx_cr_ava_rus_133
a327B,zyx_cr_ava_rus_133
a327B,zyx_cr_ava_rus_133
a327B,zyx_cr_ava_rus_133
a327B,zyx_cr_ava_rus_133
a327B,zyx_cr_ava_rus_133
a327B,zyx_cr_ava_rus_133
a328,zyx_cr_ava_rus_133
a328,zyx_cr_ava_rus_133
a328,zyx_cr_ava_rus_133
a328,zyx_cr_ava_rus_133
a328,zyx_cr_ava_rus_133
a328,zyx_cr_ava_rus_133
a328,zyx_cr_ava_rus_133
a328,zyx_cr_ava_rus_133
a328,zyx_cr_ava_rus_133
a328,zyx_cr_ava_rus_133
a328,zyx_cr_ava_rus_133
a328,zyx_cr_ava_rus_133
a328,zyx_cr_ava_rus_133
a328,zyx_cr_ava_rus_133
a328,zyx_cr_ava_rus_133
a328,zyx_cr_ava_rus_133
a328,zyx_cr_ava_rus_133
a1545A,zyx_cr_ava_rus_134
a706,zyx_cr_ava_rus_135
a706,zyx_cr_ava_rus_135
a706,zyx_cr_ava_rus_135
a706,zyx_cr_ava_rus_135
a706,zyx_cr_ava_rus_135
a706,zyx_cr_ava_rus_135
a706,zyx_cr_ava_rus_135
a706,zyx_cr_ava_rus_135
a706,zyx_cr_ava_rus_135
a706,zyx_cr_ava_rus_135
a706,zyx_cr_ava_rus_135
a706,zyx_cr_ava_rus_135
a706,zyx_cr_ava_rus_135
a706,zyx_cr_ava_rus_135
a706,zyx_cr_ava_rus_135
a706,zyx_cr_ava_rus_135
a706,zyx_cr_ava_rus_135
a812,zyx_cr_ava_rus_14
a812,zyx_cr_ava_rus_14
a812,zyx_cr_ava_rus_14
a812,zyx_cr_ava_rus_14
a1704,zyx_cr_ava_rus_140
a1704,zyx_cr_ava_rus_140
a1704,zyx_cr_ava_rus_140
aTMJ1392_1,zyx_cr_ava_rus_141
aTMJ1392_1,zyx_cr_ava_rus_141
aTMJ1392_1,zyx_cr_ava_rus_141
aTMJ1392_1,zyx_cr_ava_rus_141
aTMJ1392_1,zyx_cr_ava_rus_141
aTMJ1392_1,zyx_cr_ava_rus_141
a1545A,zyx_cr_ava_rus_144
a881,zyx_cr_ava_rus_145
a881,zyx_cr_ava_rus_145
a881,zyx_cr_ava_rus_145
a881,zyx_cr_ava_rus_145
a881,zyx_cr_ava_rus_145
a881,zyx_cr_ava_rus_145
a881,zyx_cr_ava_rus_145
a881,zyx_cr_ava_rus_145
a881,zyx_cr_ava_rus_145
a881,zyx_cr_ava_rus_145
a881,zyx_cr_ava_rus_145
a881,zyx_cr_ava_rus_145
a881,zyx_cr_ava_rus_145
a881,zyx_cr_ava_rus_145
a881,zyx_cr_ava_rus_145
a881,zyx_cr_ava_rus_145
a881A,zyx_cr_ava_rus_145
a881A,zyx_cr_ava_rus_145
a881A,zyx_cr_ava_rus_145
a881A,zyx_cr_ava_rus_145
a881A,zyx_cr_ava_rus_145
a881A,zyx_cr_ava_rus_145
a881A,zyx_cr_ava_rus_145
a881A,zyx_cr_ava_rus_145
a881A,zyx_cr_ava_rus_145
a706,zyx_cr_ava_rus_147
a706,zyx_cr_ava_rus_147
a706,zyx_cr_ava_rus_147
a706,zyx_cr_ava_rus_147
a706,zyx_cr_ava_rus_147
a706,zyx_cr_ava_rus_147
a706,zyx_cr_ava_rus_147
a706,zyx_cr_ava_rus_147
a706,zyx_cr_ava_rus_147
a706,zyx_cr_ava_rus_147
a706,zyx_cr_ava_rus_147
a706,zyx_cr_ava_rus_147
a706,zyx_cr_ava_rus_147
a706,zyx_cr_ava_rus_147
a922,zyx_cr_ava_rus_15
a922,zyx_cr_ava_rus_15
a922,zyx_cr_ava_rus_15
a922,zyx_cr_ava_rus_15
a922,zyx_cr_ava_rus_15
a922,zyx_cr_ava_rus_15
a1920F,zyx_cr_ava_rus_152
a1960,zyx_cr_ava_rus_152
a1960,zyx_cr_ava_rus_152
a1920F,zyx_cr_ava_rus_152
a1592,zyx_cr_ava_rus_153
a1592,zyx_cr_ava_rus_153
a1592,zyx_cr_ava_rus_153
a1592,zyx_cr_ava_rus_153
a1592,zyx_cr_ava_rus_153
a875,zyx_cr_ava_rus_16
a875,zyx_cr_ava_rus_16
a875,zyx_cr_ava_rus_16
a875,zyx_cr_ava_rus_16
a875,zyx_cr_ava_rus_16
a875,zyx_cr_ava_rus_16
a875,zyx_cr_ava_rus_16
a875,zyx_cr_ava_rus_16
a875,zyx_cr_ava_rus_16
a875,zyx_cr_ava_rus_16
a545B,zyx_cr_ava_rus_166
a545B,zyx_cr_ava_rus_166
a545B,zyx_cr_ava_rus_166
a545B,zyx_cr_ava_rus_166
a545B,zyx_cr_ava_rus_166
a545B,zyx_cr_ava_rus_166
a545B,zyx_cr_ava_rus_166
a545B,zyx_cr_ava_rus_166
a545B,zyx_cr_ava_rus_166
a545B,zyx_cr_ava_rus_166
a545B,zyx_cr_ava_rus_166
a545B,zyx_cr_ava_rus_166
a545B,zyx_cr_ava_rus_166
a545B,zyx_cr_ava_rus_166
a545B,zyx_cr_ava_rus_166
a545B,zyx_cr_ava_rus_166
a545B,zyx_cr_ava_rus_166
a545B,zyx_cr_ava_rus_166
a875,zyx_cr_ava_rus_17
a875,zyx_cr_ava_rus_17
a875,zyx_cr_ava_rus_17
a875,zyx_cr_ava_rus_17
a875,zyx_cr_ava_rus_17
a875,zyx_cr_ava_rus_17
a875,zyx_cr_ava_rus_17
a875,zyx_cr_ava_rus_17
a875,zyx_cr_ava_rus_17
a61,zyx_cr_ava_rus_171
a61,zyx_cr_ava_rus_171
a61,zyx_cr_ava_rus_171
a6,zyx_cr_ava_rus_171
a6,zyx_cr_ava_rus_171
a1633,zyx_cr_ava_rus_173
a1633,zyx_cr_ava_rus_173
a1633,zyx_cr_ava_rus_173
a1633,zyx_cr_ava_rus_173
a1633,zyx_cr_ava_rus_173
a1633,zyx_cr_ava_rus_173
a1920H,zyx_cr_ava_rus_173
a1920H,zyx_cr_ava_rus_173
a1920H,zyx_cr_ava_rus_173
a1960,zyx_cr_ava_rus_173
a1960,zyx_cr_ava_rus_173
a1920H,zyx_cr_ava_rus_173
a1633,zyx_cr_ava_rus_173
a563,zyx_cr_ava_rus_174
a563,zyx_cr_ava_rus_174
a563,zyx_cr_ava_rus_174
a563,zyx_cr_ava_rus_174
a563,zyx_cr_ava_rus_174
a563,zyx_cr_ava_rus_174
a563,zyx_cr_ava_rus_174
a563,zyx_cr_ava_rus_174
a563,zyx_cr_ava_rus_174
a563,zyx_cr_ava_rus_174
a563,zyx_cr_ava_rus_174
a563,zyx_cr_ava_rus_174
a563,zyx_cr_ava_rus_174
a563,zyx_cr_ava_rus_174
a563,zyx_cr_ava_rus_174
a563,zyx_cr_ava_rus_174
a563,zyx_cr_ava_rus_174
a563,zyx_cr_ava_rus_174
a563,zyx_cr_ava_rus_174
a563,zyx_cr_ava_rus_174
a563,zyx_cr_ava_rus_174
a715,zyx_cr_ava_rus_175
a715,zyx_cr_ava_rus_175
a715,zyx_cr_ava_rus_175
a715,zyx_cr_ava_rus_175
a715,zyx_cr_ava_rus_175
a715,zyx_cr_ava_rus_175
a715,zyx_cr_ava_rus_175
a715,zyx_cr_ava_rus_175
a715,zyx_cr_ava_rus_175
a715,zyx_cr_ava_rus_175
a715,zyx_cr_ava_rus_175
a715,zyx_cr_ava_rus_175
a715,zyx_cr_ava_rus_175
a715,zyx_cr_ava_rus_175
a650A,zyx_cr_ava_rus_176
a650A,zyx_cr_ava_rus_176
a301,zyx_cr_ava_rus_176
a301,zyx_cr_ava_rus_176
a301,zyx_cr_ava_rus_176
a301,zyx_cr_ava_rus_176
a301,zyx_cr_ava_rus_176
a301,zyx_cr_ava_rus_176
a301,zyx_cr_ava_rus_176
a301,zyx_cr_ava_rus_176
a301,zyx_cr_ava_rus_176
a301,zyx_cr_ava_rus_176
a301,zyx_cr_ava_rus_176
a301,zyx_cr_ava_rus_176
a301,zyx_cr_ava_rus_176
a301,zyx_cr_ava_rus_176
a301,zyx_cr_ava_rus_176
a301,zyx_cr_ava_rus_176
a301,zyx_cr_ava_rus_176
a300,zyx_cr_ava_rus_176
a300,zyx_cr_ava_rus_176
a300,zyx_cr_ava_rus_176
a300,zyx_cr_ava_rus_176
a300,zyx_cr_ava_rus_176
a300,zyx_cr_ava_rus_176
a300,zyx_cr_ava_rus_176
a300,zyx_cr_ava_rus_176
a300,zyx_cr_ava_rus_176
a300,zyx_cr_ava_rus_176
a300,zyx_cr_ava_rus_176
a300,zyx_cr_ava_rus_176
a301,zyx_cr_ava_rus_176
a301,zyx_cr_ava_rus_176
a303A,zyx_cr_ava_rus_177
a303A,zyx_cr_ava_rus_177
a303A,zyx_cr_ava_rus_177
a303A,zyx_cr_ava_rus_177
a303A,zyx_cr_ava_rus_177
a303A,zyx_cr_ava_rus_177
a303A,zyx_cr_ava_rus_177
a303A,zyx_cr_ava_rus_177
a303A,zyx_cr_ava_rus_177
a303A,zyx_cr_ava_rus_177
a303A,zyx_cr_ava_rus_177
a303A,zyx_cr_ava_rus_177
a303A,zyx_cr_ava_rus_177
a303A,zyx_cr_ava_rus_177
a303A,zyx_cr_ava_rus_177
a303A,zyx_cr_ava_rus_177
a303A,zyx_cr_ava_rus_177
a303A,zyx_cr_ava_rus_177
a513A,zyx_cr_ava_rus_177
a513A,zyx_cr_ava_rus_177
a513A,zyx_cr_ava_rus_177
a513A,zyx_cr_ava_rus_177
a513A,zyx_cr_ava_rus_177
a513A,zyx_cr_ava_rus_177
a513A,zyx_cr_ava_rus_177
a513A,zyx_cr_ava_rus_177
a513A,zyx_cr_ava_rus_177
a513A,zyx_cr_ava_rus_177
a513A,zyx_cr_ava_rus_177
a513A,zyx_cr_ava_rus_177
a513A,zyx_cr_ava_rus_177
a513A,zyx_cr_ava_rus_177
a302,zyx_cr_ava_rus_177
a302,zyx_cr_ava_rus_177
a302,zyx_cr_ava_rus_177
a302,zyx_cr_ava_rus_177
a302,zyx_cr_ava_rus_177
a302,zyx_cr_ava_rus_177
a302,zyx_cr_ava_rus_177
a302,zyx_cr_ava_rus_177
a302,zyx_cr_ava_rus_177
a303A,zyx_cr_ava_rus_177
a516,zyx_cr_ava_rus_178
a516,zyx_cr_ava_rus_178
a516,zyx_cr_ava_rus_178
a400,zyx_cr_ava_rus_178
a400,zyx_cr_ava_rus_178
a400,zyx_cr_ava_rus_178
a400,zyx_cr_ava_rus_178
a400,zyx_cr_ava_rus_178
a400,zyx_cr_ava_rus_178
a400,zyx_cr_ava_rus_178
a400,zyx_cr_ava_rus_178
a516,zyx_cr_ava_rus_178
a516,zyx_cr_ava_rus_178
a516,zyx_cr_ava_rus_178
a400,zyx_cr_ava_rus_178
a516,zyx_cr_ava_rus_178
a516,zyx_cr_ava_rus_178
a516,zyx_cr_ava_rus_178
a516,zyx_cr_ava_rus_178
a516,zyx_cr_ava_rus_178
a516,zyx_cr_ava_rus_178
a650A,zyx_cr_ava_rus_179
a650A,zyx_cr_ava_rus_179
a650A,zyx_cr_ava_rus_179
a650A,zyx_cr_ava_rus_179
a650A,zyx_cr_ava_rus_179
a650A,zyx_cr_ava_rus_179
a650A,zyx_cr_ava_rus_179
a650A,zyx_cr_ava_rus_179
a650A,zyx_cr_ava_rus_179
a650A,zyx_cr_ava_rus_179
a650A,zyx_cr_ava_rus_179
a650A,zyx_cr_ava_rus_179
a650A,zyx_cr_ava_rus_179
a650A,zyx_cr_ava_rus_179
a650A,zyx_cr_ava_rus_179
a650A,zyx_cr_ava_rus_179
a650A,zyx_cr_ava_rus_179
a650A,zyx_cr_ava_rus_179
a650A,zyx_cr_ava_rus_179
a650A,zyx_cr_ava_rus_179
a650A,zyx_cr_ava_rus_179
a922,zyx_cr_ava_rus_18
a922,zyx_cr_ava_rus_18
a922,zyx_cr_ava_rus_18
a922,zyx_cr_ava_rus_18
a922,zyx_cr_ava_rus_18
a922,zyx_cr_ava_rus_18
a922,zyx_cr_ava_rus_18
a922,zyx_cr_ava_rus_18
a922,zyx_cr_ava_rus_18
a922,zyx_cr_ava_rus_18
a922,zyx_cr_ava_rus_18
a922,zyx_cr_ava_rus_18
a922,zyx_cr_ava_rus_18
a922,zyx_cr_ava_rus_18
a922,zyx_cr_ava_rus_18
a530,zyx_cr_ava_rus_180
a552,zyx_cr_ava_rus_180
a530,zyx_cr_ava_rus_180
a530,zyx_cr_ava_rus_180
a530,zyx_cr_ava_rus_180
a530,zyx_cr_ava_rus_180
a530,zyx_cr_ava_rus_180
a552,zyx_cr_ava_rus_180
a552,zyx_cr_ava_rus_180
a552,zyx_cr_ava_rus_180
a530,zyx_cr_ava_rus_180
a530,zyx_cr_ava_rus_180
a530,zyx_cr_ava_rus_180
a530,zyx_cr_ava_rus_180
a530,zyx_cr_ava_rus_180
a530,zyx_cr_ava_rus_180
a530,zyx_cr_ava_rus_180
a530,zyx_cr_ava_rus_180
a530,zyx_cr_ava_rus_180
a530,zyx_cr_ava_rus_180
a530,zyx_cr_ava_rus_180
a530,zyx_cr_ava_rus_180
a530,zyx_cr_ava_rus_180
a530,zyx_cr_ava_rus_180
a530,zyx_cr_ava_rus_180
a530,zyx_cr_ava_rus_180
a530,zyx_cr_ava_rus_180
a516,zyx_cr_ava_rus_180
a516,zyx_cr_ava_rus_180
a516,zyx_cr_ava_rus_180
a516,zyx_cr_ava_rus_180
a516,zyx_cr_ava_rus_180
a516,zyx_cr_ava_rus_180
a516,zyx_cr_ava_rus_180
a516,zyx_cr_ava_rus_180
a516,zyx_cr_ava_rus_180
a516,zyx_cr_ava_rus_180
a516,zyx_cr_ava_rus_180
a516,zyx_cr_ava_rus_180
a302C*,zyx_cr_ava_rus_180
a302C*,zyx_cr_ava_rus_180
a552,zyx_cr_ava_rus_180
a552,zyx_cr_ava_rus_180
a552,zyx_cr_ava_rus_180
a552,zyx_cr_ava_rus_180
a552,zyx_cr_ava_rus_180
a552,zyx_cr_ava_rus_180
a552,zyx_cr_ava_rus_180
a552,zyx_cr_ava_rus_180
a552,zyx_cr_ava_rus_180
a552,zyx_cr_ava_rus_180
a552,zyx_cr_ava_rus_180
a302C*,zyx_cr_ava_rus_180
a302C*,zyx_cr_ava_rus_180
a302C*,zyx_cr_ava_rus_180
a302C*,zyx_cr_ava_rus_180
a302C*,zyx_cr_ava_rus_180
a302C*,zyx_cr_ava_rus_180
a302C*,zyx_cr_ava_rus_180
a302C*,zyx_cr_ava_rus_180
a302C*,zyx_cr_ava_rus_180
a302C*,zyx_cr_ava_rus_180
a302C*,zyx_cr_ava_rus_180
a516,zyx_cr_ava_rus_180
a707,zyx_cr_ava_rus_181
a707,zyx_cr_ava_rus_181
a707,zyx_cr_ava_rus_181
a707,zyx_cr_ava_rus_181
a707,zyx_cr_ava_rus_181
a707,zyx_cr_ava_rus_181
a707,zyx_cr_ava_rus_181
a707,zyx_cr_ava_rus_181
a707,zyx_cr_ava_rus_181
a707,zyx_cr_ava_rus_181
a707,zyx_cr_ava_rus_181
a707,zyx_cr_ava_rus_181
a707,zyx_cr_ava_rus_181
a707,zyx_cr_ava_rus_181
a707,zyx_cr_ava_rus_181
a707,zyx_cr_ava_rus_181
a707,zyx_cr_ava_rus_181
a707,zyx_cr_ava_rus_181
a707,zyx_cr_ava_rus_181
a707,zyx_cr_ava_rus_181
a707,zyx_cr_ava_rus_181
a707,zyx_cr_ava_rus_181
a707,zyx_cr_ava_rus_181
a707,zyx_cr_ava_rus_181
a329,zyx_cr_ava_rus_182
a329,zyx_cr_ava_rus_182
a329,zyx_cr_ava_rus_182
a329,zyx_cr_ava_rus_182
a329,zyx_cr_ava_rus_182
a329,zyx_cr_ava_rus_182
a329,zyx_cr_ava_rus_182
a329,zyx_cr_ava_rus_182
a329,zyx_cr_ava_rus_182
a329,zyx_cr_ava_rus_182
a329,zyx_cr_ava_rus_182
a329,zyx_cr_ava_rus_182
a329,zyx_cr_ava_rus_182
a329,zyx_cr_ava_rus_182
a329,zyx_cr_ava_rus_182
a329,zyx_cr_ava_rus_182
a329,zyx_cr_ava_rus_182
a402,zyx_cr_ava_rus_183
a402,zyx_cr_ava_rus_183
a402,zyx_cr_ava_rus_183
a402,zyx_cr_ava_rus_183
a402,zyx_cr_ava_rus_183
a402,zyx_cr_ava_rus_183
a402,zyx_cr_ava_rus_183
a402,zyx_cr_ava_rus_183
a402,zyx_cr_ava_rus_183
a402,zyx_cr_ava_rus_183
a402,zyx_cr_ava_rus_183
a402,zyx_cr_ava_rus_183
a402,zyx_cr_ava_rus_183
a471,zyx_cr_ava_rus_183
a471,zyx_cr_ava_rus_183
a471,zyx_cr_ava_rus_183
a471,zyx_cr_ava_rus_183
a471,zyx_cr_ava_rus_183
a471,zyx_cr_ava_rus_183
a402,zyx_cr_ava_rus_183
a313,zyx_cr_ava_rus_184
a313,zyx_cr_ava_rus_184
a313,zyx_cr_ava_rus_184
a313,zyx_cr_ava_rus_184
a313,zyx_cr_ava_rus_184
a400,zyx_cr_ava_rus_184
a400,zyx_cr_ava_rus_184
a313,zyx_cr_ava_rus_184
a313,zyx_cr_ava_rus_184
a313,zyx_cr_ava_rus_184
a313,zyx_cr_ava_rus_184
a313,zyx_cr_ava_rus_184
a313,zyx_cr_ava_rus_184
a313,zyx_cr_ava_rus_184
a313,zyx_cr_ava_rus_184
a313,zyx_cr_ava_rus_184
a313,zyx_cr_ava_rus_184
a313,zyx_cr_ava_rus_184
a313,zyx_cr_ava_rus_184
a313,zyx_cr_ava_rus_184
a313,zyx_cr_ava_rus_184
a313,zyx_cr_ava_rus_184
a313,zyx_cr_ava_rus_184
a313,zyx_cr_ava_rus_184
a313,zyx_cr_ava_rus_184
a313,zyx_cr_ava_rus_184
a313,zyx_cr_ava_rus_184
a313,zyx_cr_ava_rus_184
a313,zyx_cr_ava_rus_184
a313,zyx_cr_ava_rus_184
a313,zyx_cr_ava_rus_184
a313,zyx_cr_ava_rus_184
a313,zyx_cr_ava_rus_184
a313,zyx_cr_ava_rus_184
a301,zyx_cr_ava_rus_185
a301,zyx_cr_ava_rus_185
a301,zyx_cr_ava_rus_185
a301,zyx_cr_ava_rus_185
a301,zyx_cr_ava_rus_185
a301,zyx_cr_ava_rus_185
a301,zyx_cr_ava_rus_185
a301,zyx_cr_ava_rus_185
a301,zyx_cr_ava_rus_185
a301,zyx_cr_ava_rus_185
a301,zyx_cr_ava_rus_185
a301,zyx_cr_ava_rus_185
a301,zyx_cr_ava_rus_185
a301,zyx_cr_ava_rus_185
a519,zyx_cr_ava_rus_186
a519,zyx_cr_ava_rus_186
a519,zyx_cr_ava_rus_186
a519,zyx_cr_ava_rus_186
a519,zyx_cr_ava_rus_186
a519,zyx_cr_ava_rus_186
a519,zyx_cr_ava_rus_186
a519,zyx_cr_ava_rus_186
a519,zyx_cr_ava_rus_186
a519,zyx_cr_ava_rus_186
a519,zyx_cr_ava_rus_186
a519,zyx_cr_ava_rus_186
a519,zyx_cr_ava_rus_186
a519,zyx_cr_ava_rus_186
a519,zyx_cr_ava_rus_186
a519,zyx_cr_ava_rus_186
a519,zyx_cr_ava_rus_186
a449,zyx_cr_ava_rus_186
a449,zyx_cr_ava_rus_186
a449,zyx_cr_ava_rus_186
a449,zyx_cr_ava_rus_186
a449,zyx_cr_ava_rus_186
a449,zyx_cr_ava_rus_186
a449,zyx_cr_ava_rus_186
a449,zyx_cr_ava_rus_186
a449,zyx_cr_ava_rus_186
a449,zyx_cr_ava_rus_186
a449,zyx_cr_ava_rus_186
a449,zyx_cr_ava_rus_186
a449,zyx_cr_ava_rus_186
a449,zyx_cr_ava_rus_186
a519,zyx_cr_ava_rus_186
a519,zyx_cr_ava_rus_186
a519,zyx_cr_ava_rus_186
a325,zyx_cr_ava_rus_187
a325,zyx_cr_ava_rus_187
a325,zyx_cr_ava_rus_187
a325,zyx_cr_ava_rus_187
a325,zyx_cr_ava_rus_187
a325,zyx_cr_ava_rus_187
a325,zyx_cr_ava_rus_187
a325,zyx_cr_ava_rus_187
a325,zyx_cr_ava_rus_187
a325,zyx_cr_ava_rus_187
a325,zyx_cr_ava_rus_187
a325,zyx_cr_ava_rus_187
a325,zyx_cr_ava_rus_187
a325,zyx_cr_ava_rus_187
a325,zyx_cr_ava_rus_187
a551,zyx_cr_ava_rus_188
a551,zyx_cr_ava_rus_188
a551,zyx_cr_ava_rus_188
a551,zyx_cr_ava_rus_188
a551,zyx_cr_ava_rus_188
a551,zyx_cr_ava_rus_188
a551,zyx_cr_ava_rus_188
a551,zyx_cr_ava_rus_188
a551,zyx_cr_ava_rus_188
a551,zyx_cr_ava_rus_188
a551,zyx_cr_ava_rus_188
a551,zyx_cr_ava_rus_188
a551,zyx_cr_ava_rus_188
a551,zyx_cr_ava_rus_188
a551,zyx_cr_ava_rus_188
a551,zyx_cr_ava_rus_188
a551,zyx_cr_ava_rus_188
a551,zyx_cr_ava_rus_188
a1640,zyx_cr_ava_rus_189
a1640,zyx_cr_ava_rus_189
a1640,zyx_cr_ava_rus_189
a1640,zyx_cr_ava_rus_189
a1640,zyx_cr_ava_rus_189
a1640,zyx_cr_ava_rus_189
a1640,zyx_cr_ava_rus_189
a1640,zyx_cr_ava_rus_189
a1640,zyx_cr_ava_rus_189
a1640,zyx_cr_ava_rus_189
a1640,zyx_cr_ava_rus_189
a1640,zyx_cr_ava_rus_189
a1640,zyx_cr_ava_rus_189
a1640,zyx_cr_ava_rus_189
a1640,zyx_cr_ava_rus_189
a1640,zyx_cr_ava_rus_189
a1640,zyx_cr_ava_rus_189
a1640,zyx_cr_ava_rus_189
a1640,zyx_cr_ava_rus_189
a812,zyx_cr_ava_rus_19
a812,zyx_cr_ava_rus_19
a812,zyx_cr_ava_rus_19
a812,zyx_cr_ava_rus_19
a812,zyx_cr_ava_rus_19
a327B,zyx_cr_ava_rus_190
a327B,zyx_cr_ava_rus_190
a327B,zyx_cr_ava_rus_190
a327B,zyx_cr_ava_rus_190
a327B,zyx_cr_ava_rus_190
a327B,zyx_cr_ava_rus_190
a327B,zyx_cr_ava_rus_190
a327B,zyx_cr_ava_rus_190
a327B,zyx_cr_ava_rus_190
a327B,zyx_cr_ava_rus_190
a328,zyx_cr_ava_rus_190
a328,zyx_cr_ava_rus_190
a328,zyx_cr_ava_rus_190
a328,zyx_cr_ava_rus_190
a328,zyx_cr_ava_rus_190
a328,zyx_cr_ava_rus_190
a328,zyx_cr_ava_rus_190
a328,zyx_cr_ava_rus_190
a328,zyx_cr_ava_rus_190
a328,zyx_cr_ava_rus_190
a328,zyx_cr_ava_rus_190
a328,zyx_cr_ava_rus_190
a328,zyx_cr_ava_rus_190
a328,zyx_cr_ava_rus_190
a328,zyx_cr_ava_rus_190
a328,zyx_cr_ava_rus_190
a550,zyx_cr_ava_rus_191
a550,zyx_cr_ava_rus_191
a550,zyx_cr_ava_rus_191
a550,zyx_cr_ava_rus_191
a550,zyx_cr_ava_rus_191
a550,zyx_cr_ava_rus_191
a531,zyx_cr_ava_rus_191
a531,zyx_cr_ava_rus_191
a531,zyx_cr_ava_rus_191
a531,zyx_cr_ava_rus_191
a531,zyx_cr_ava_rus_191
a531,zyx_cr_ava_rus_191
a531,zyx_cr_ava_rus_191
a531,zyx_cr_ava_rus_191
a531,zyx_cr_ava_rus_191
a531,zyx_cr_ava_rus_191
a531,zyx_cr_ava_rus_191
a550,zyx_cr_ava_rus_191
a550,zyx_cr_ava_rus_191
a550,zyx_cr_ava_rus_191
a550,zyx_cr_ava_rus_191
a550,zyx_cr_ava_rus_191
a550,zyx_cr_ava_rus_191
a550,zyx_cr_ava_rus_191
anh391,zyx_cr_ava_rus_198
anh391,zyx_cr_ava_rus_198
anh391,zyx_cr_ava_rus_198
a650A,zyx_cr_ava_rus_2
a650A,zyx_cr_ava_rus_2
a650A,zyx_cr_ava_rus_2
a650A,zyx_cr_ava_rus_2
a650A,zyx_cr_ava_rus_2
a650A,zyx_cr_ava_rus_2
a650A,zyx_cr_ava_rus_2
a650A,zyx_cr_ava_rus_2
a650A,zyx_cr_ava_rus_2
a650A,zyx_cr_ava_rus_2
a650A,zyx_cr_ava_rus_2
a650A,zyx_cr_ava_rus_2
a650A,zyx_cr_ava_rus_2
a650A,zyx_cr_ava_rus_2
a650A,zyx_cr_ava_rus_2
a650A,zyx_cr_ava_rus_2
a650A,zyx_cr_ava_rus_2
a301,zyx_cr_ava_rus_2
a301,zyx_cr_ava_rus_2
a301,zyx_cr_ava_rus_2
a301,zyx_cr_ava_rus_2
a301,zyx_cr_ava_rus_2
a301,zyx_cr_ava_rus_2
a301,zyx_cr_ava_rus_2
a301,zyx_cr_ava_rus_2
a301,zyx_cr_ava_rus_2
a301,zyx_cr_ava_rus_2
a301,zyx_cr_ava_rus_2
a301,zyx_cr_ava_rus_2
a301,zyx_cr_ava_rus_2
a301,zyx_cr_ava_rus_2
a301,zyx_cr_ava_rus_2
a301,zyx_cr_ava_rus_2
a300,zyx_cr_ava_rus_2
a300,zyx_cr_ava_rus_2
a300,zyx_cr_ava_rus_2
a300,zyx_cr_ava_rus_2
a300,zyx_cr_ava_rus_2
a300,zyx_cr_ava_rus_2
a300,zyx_cr_ava_rus_2
a300,zyx_cr_ava_rus_2
a300,zyx_cr_ava_rus_2
a300,zyx_cr_ava_rus_2
a300,zyx_cr_ava_rus_2
a300,zyx_cr_ava_rus_2
a300,zyx_cr_ava_rus_2
a300,zyx_cr_ava_rus_2
a301,zyx_cr_ava_rus_2
a301,zyx_cr_ava_rus_2
a1000,zyx_cr_ava_rus_20
a1000,zyx_cr_ava_rus_20
a1000,zyx_cr_ava_rus_20
a1000,zyx_cr_ava_rus_20
a875,zyx_cr_ava_rus_202
a875,zyx_cr_ava_rus_202
a875,zyx_cr_ava_rus_202
a875,zyx_cr_ava_rus_202
a875,zyx_cr_ava_rus_202
a875,zyx_cr_ava_rus_202
a875,zyx_cr_ava_rus_202
a875,zyx_cr_ava_rus_202
a875,zyx_cr_ava_rus_202
a875,zyx_cr_ava_rus_202
a655,zyx_cr_ava_rus_21
a655,zyx_cr_ava_rus_21
a655,zyx_cr_ava_rus_21
a655,zyx_cr_ava_rus_21
a655,zyx_cr_ava_rus_21
a655,zyx_cr_ava_rus_21
a655,zyx_cr_ava_rus_21
a655,zyx_cr_ava_rus_21
a655,zyx_cr_ava_rus_21
a655,zyx_cr_ava_rus_21
a655,zyx_cr_ava_rus_21
a655,zyx_cr_ava_rus_21
a655,zyx_cr_ava_rus_21
a655,zyx_cr_ava_rus_21
a910B,zyx_cr_ava_rus_24
a1633,zyx_cr_ava_rus_25
a1633,zyx_cr_ava_rus_25
a1633,zyx_cr_ava_rus_25
a1633,zyx_cr_ava_rus_25
a1633,zyx_cr_ava_rus_25
a1920H,zyx_cr_ava_rus_25
a1920H,zyx_cr_ava_rus_25
a1920H,zyx_cr_ava_rus_25
a1920H,zyx_cr_ava_rus_25
a1960,zyx_cr_ava_rus_25
a1960,zyx_cr_ava_rus_25
a1920H,zyx_cr_ava_rus_25
a1633,zyx_cr_ava_rus_25
a160,zyx_cr_ava_rus_26
a160,zyx_cr_ava_rus_26
a160,zyx_cr_ava_rus_26
a160,zyx_cr_ava_rus_26
a160,zyx_cr_ava_rus_26
a160,zyx_cr_ava_rus_26
a160,zyx_cr_ava_rus_26
a160,zyx_cr_ava_rus_26
a160,zyx_cr_ava_rus_26
a160,zyx_cr_ava_rus_26
a160,zyx_cr_ava_rus_26
a160,zyx_cr_ava_rus_26
a160,zyx_cr_ava_rus_26
a160,zyx_cr_ava_rus_26
a160,zyx_cr_ava_rus_26
a160,zyx_cr_ava_rus_26
a160,zyx_cr_ava_rus_26
a160,zyx_cr_ava_rus_26
a881,zyx_cr_ava_rus_27
a881,zyx_cr_ava_rus_27
a881,zyx_cr_ava_rus_27
a881,zyx_cr_ava_rus_27
a881,zyx_cr_ava_rus_27
a881,zyx_cr_ava_rus_27
a881,zyx_cr_ava_rus_27
a881,zyx_cr_ava_rus_27
a881,zyx_cr_ava_rus_27
a881,zyx_cr_ava_rus_27
a881,zyx_cr_ava_rus_27
a881,zyx_cr_ava_rus_27
a881,zyx_cr_ava_rus_27
a881,zyx_cr_ava_rus_27
a881,zyx_cr_ava_rus_27
a881A,zyx_cr_ava_rus_27
a881A,zyx_cr_ava_rus_27
a881A,zyx_cr_ava_rus_27
a881A,zyx_cr_ava_rus_27
a881A,zyx_cr_ava_rus_27
a881A,zyx_cr_ava_rus_27
a881A,zyx_cr_ava_rus_27
a1540,zyx_cr_ava_rus_28
a1450,zyx_cr_ava_rus_28
a1450,zyx_cr_ava_rus_28
a1450,zyx_cr_ava_rus_28
a1450,zyx_cr_ava_rus_28
a1540,zyx_cr_ava_rus_28
a1739,zyx_cr_ava_rus_29
a1739,zyx_cr_ava_rus_29
a1739,zyx_cr_ava_rus_29
a1739,zyx_cr_ava_rus_29
a1739,zyx_cr_ava_rus_29
a1739,zyx_cr_ava_rus_29
a1739,zyx_cr_ava_rus_29
a1739,zyx_cr_ava_rus_29
a1739,zyx_cr_ava_rus_29
a1739,zyx_cr_ava_rus_29
a1281A,zyx_cr_ava_rus_29
a530,zyx_cr_ava_rus_3
a552,zyx_cr_ava_rus_3
a530,zyx_cr_ava_rus_3
a530,zyx_cr_ava_rus_3
a530,zyx_cr_ava_rus_3
a530,zyx_cr_ava_rus_3
a530,zyx_cr_ava_rus_3
a552,zyx_cr_ava_rus_3
a552,zyx_cr_ava_rus_3
a552,zyx_cr_ava_rus_3
a552,zyx_cr_ava_rus_3
a530,zyx_cr_ava_rus_3
a530,zyx_cr_ava_rus_3
a530,zyx_cr_ava_rus_3
a530,zyx_cr_ava_rus_3
a530,zyx_cr_ava_rus_3
a530,zyx_cr_ava_rus_3
a530,zyx_cr_ava_rus_3
a530,zyx_cr_ava_rus_3
a530,zyx_cr_ava_rus_3
a530,zyx_cr_ava_rus_3
a530,zyx_cr_ava_rus_3
a530,zyx_cr_ava_rus_3
a530,zyx_cr_ava_rus_3
a530,zyx_cr_ava_rus_3
a530,zyx_cr_ava_rus_3
a530,zyx_cr_ava_rus_3
a516,zyx_cr_ava_rus_3
a516,zyx_cr_ava_rus_3
a516,zyx_cr_ava_rus_3
a516,zyx_cr_ava_rus_3
a516,zyx_cr_ava_rus_3
a516,zyx_cr_ava_rus_3
a516,zyx_cr_ava_rus_3
a516,zyx_cr_ava_rus_3
a516,zyx_cr_ava_rus_3
a516,zyx_cr_ava_rus_3
a516,zyx_cr_ava_rus_3
a301,zyx_cr_ava_rus_3
a301,zyx_cr_ava_rus_3
a552,zyx_cr_ava_rus_3
a552,zyx_cr_ava_rus_3
a552,zyx_cr_ava_rus_3
a552,zyx_cr_ava_rus_3
a552,zyx_cr_ava_rus_3
a552,zyx_cr_ava_rus_3
a552,zyx_cr_ava_rus_3
a552,zyx_cr_ava_rus_3
a552,zyx_cr_ava_rus_3
a552,zyx_cr_ava_rus_3
a552,zyx_cr_ava_rus_3
a552,zyx_cr_ava_rus_3
a552,zyx_cr_ava_rus_3
a552,zyx_cr_ava_rus_3
a552,zyx_cr_ava_rus_3
a302C*,zyx_cr_ava_rus_3
a302C*,zyx_cr_ava_rus_3
a302C*,zyx_cr_ava_rus_3
a302C*,zyx_cr_ava_rus_3
a302C*,zyx_cr_ava_rus_3
a301,zyx_cr_ava_rus_3
a516,zyx_cr_ava_rus_3
a1408C,zyx_cr_ava_rus_32
a1408C,zyx_cr_ava_rus_32
a1408C,zyx_cr_ava_rus_32
a133*,zyx_cr_ava_rus_34
a133*,zyx_cr_ava_rus_34
a133*,zyx_cr_ava_rus_34
a133*,zyx_cr_ava_rus_34
a15,zyx_cr_ava_rus_35
a15,zyx_cr_ava_rus_35
a15,zyx_cr_ava_rus_35
a15,zyx_cr_ava_rus_35
a15,zyx_cr_ava_rus_35
a15,zyx_cr_ava_rus_35
a15,zyx_cr_ava_rus_35
a15,zyx_cr_ava_rus_35
a165,zyx_cr_ava_rus_36
a165,zyx_cr_ava_rus_36
a165,zyx_cr_ava_rus_36
a165,zyx_cr_ava_rus_36
a47B,zyx_cr_ava_rus_36
a47B,zyx_cr_ava_rus_36
a47B,zyx_cr_ava_rus_36
a47B,zyx_cr_ava_rus_36
a47B,zyx_cr_ava_rus_36
a123,zyx_cr_ava_rus_37
a123,zyx_cr_ava_rus_37
a123,zyx_cr_ava_rus_37
a123,zyx_cr_ava_rus_37
a123,zyx_cr_ava_rus_37
a123,zyx_cr_ava_rus_37
a123,zyx_cr_ava_rus_37
a123,zyx_cr_ava_rus_37
a122M*,zyx_cr_ava_rus_38
a122M*,zyx_cr_ava_rus_38
a160,zyx_cr_ava_rus_39
a160,zyx_cr_ava_rus_39
a160,zyx_cr_ava_rus_39
a160,zyx_cr_ava_rus_39
a160,zyx_cr_ava_rus_39
a160,zyx_cr_ava_rus_39
a160,zyx_cr_ava_rus_39
a160,zyx_cr_ava_rus_39
a550,zyx_cr_ava_rus_4
a550,zyx_cr_ava_rus_4
a550,zyx_cr_ava_rus_4
a550,zyx_cr_ava_rus_4
a550,zyx_cr_ava_rus_4
a550,zyx_cr_ava_rus_4
a531,zyx_cr_ava_rus_4
a531,zyx_cr_ava_rus_4
a531,zyx_cr_ava_rus_4
a531,zyx_cr_ava_rus_4
a531,zyx_cr_ava_rus_4
a531,zyx_cr_ava_rus_4
a531,zyx_cr_ava_rus_4
a531,zyx_cr_ava_rus_4
a531,zyx_cr_ava_rus_4
a531,zyx_cr_ava_rus_4
a531,zyx_cr_ava_rus_4
a531,zyx_cr_ava_rus_4
a550,zyx_cr_ava_rus_4
a550,zyx_cr_ava_rus_4
a550,zyx_cr_ava_rus_4
a550,zyx_cr_ava_rus_4
a550,zyx_cr_ava_rus_4
a550,zyx_cr_ava_rus_4
a550,zyx_cr_ava_rus_4
a150,zyx_cr_ava_rus_40
a150,zyx_cr_ava_rus_40
a150,zyx_cr_ava_rus_41
a150,zyx_cr_ava_rus_41
a37,zyx_cr_ava_rus_44
a37,zyx_cr_ava_rus_44
a37,zyx_cr_ava_rus_44
a2031C,zyx_cr_ava_rus_45
a2031C,zyx_cr_ava_rus_45
a2031C,zyx_cr_ava_rus_45
a2031C,zyx_cr_ava_rus_45
a2031C,zyx_cr_ava_rus_45
a2031C,zyx_cr_ava_rus_45
a1626,zyx_cr_ava_rus_46
a1626,zyx_cr_ava_rus_46
a1626,zyx_cr_ava_rus_46
a1626,zyx_cr_ava_rus_46
a1626,zyx_cr_ava_rus_46
a122D,zyx_cr_ava_rus_47
a122D,zyx_cr_ava_rus_47
a122D,zyx_cr_ava_rus_47
a122D,zyx_cr_ava_rus_47
a61,zyx_cr_ava_rus_48
a61,zyx_cr_ava_rus_48
a61,zyx_cr_ava_rus_48
a103,zyx_cr_ava_rus_49
a103,zyx_cr_ava_rus_49
a103,zyx_cr_ava_rus_49
a103,zyx_cr_ava_rus_49
a103,zyx_cr_ava_rus_49
a103,zyx_cr_ava_rus_49
a103,zyx_cr_ava_rus_49
a103,zyx_cr_ava_rus_49
a103,zyx_cr_ava_rus_49
a103,zyx_cr_ava_rus_49
a103,zyx_cr_ava_rus_49
a103,zyx_cr_ava_rus_49
a103,zyx_cr_ava_rus_49
a103,zyx_cr_ava_rus_49
a103,zyx_cr_ava_rus_49
a303A,zyx_cr_ava_rus_5
a303A,zyx_cr_ava_rus_5
a303A,zyx_cr_ava_rus_5
a303A,zyx_cr_ava_rus_5
a303A,zyx_cr_ava_rus_5
a303A,zyx_cr_ava_rus_5
a303A,zyx_cr_ava_rus_5
a303A,zyx_cr_ava_rus_5
a303A,zyx_cr_ava_rus_5
a303A,zyx_cr_ava_rus_5
a303A,zyx_cr_ava_rus_5
a303A,zyx_cr_ava_rus_5
a303A,zyx_cr_ava_rus_5
a303A,zyx_cr_ava_rus_5
a303A,zyx_cr_ava_rus_5
a303A,zyx_cr_ava_rus_5
a303A,zyx_cr_ava_rus_5
a303A,zyx_cr_ava_rus_5
a303A,zyx_cr_ava_rus_5
a303A,zyx_cr_ava_rus_5
a513A,zyx_cr_ava_rus_5
a513A,zyx_cr_ava_rus_5
a513A,zyx_cr_ava_rus_5
a513A,zyx_cr_ava_rus_5
a513A,zyx_cr_ava_rus_5
a513A,zyx_cr_ava_rus_5
a513A,zyx_cr_ava_rus_5
a513A,zyx_cr_ava_rus_5
a513A,zyx_cr_ava_rus_5
a513A,zyx_cr_ava_rus_5
a513A,zyx_cr_ava_rus_5
a513A,zyx_cr_ava_rus_5
a513A,zyx_cr_ava_rus_5
a513A,zyx_cr_ava_rus_5
a513A,zyx_cr_ava_rus_5
a513A,zyx_cr_ava_rus_5
a303A,zyx_cr_ava_rus_5
a302,zyx_cr_ava_rus_5
a302,zyx_cr_ava_rus_5
a302,zyx_cr_ava_rus_5
a302,zyx_cr_ava_rus_5
a302,zyx_cr_ava_rus_5
a302,zyx_cr_ava_rus_5
a302,zyx_cr_ava_rus_5
a302,zyx_cr_ava_rus_5
a303A,zyx_cr_ava_rus_5
a35B*,zyx_cr_ava_rus_50
a35B*,zyx_cr_ava_rus_50
a35B*,zyx_cr_ava_rus_50
a56A,zyx_cr_ava_rus_51
a56A,zyx_cr_ava_rus_51
a56A,zyx_cr_ava_rus_51
a56A,zyx_cr_ava_rus_51
a56A,zyx_cr_ava_rus_51
a55,zyx_cr_ava_rus_53
a55,zyx_cr_ava_rus_53
a55,zyx_cr_ava_rus_53
a55,zyx_cr_ava_rus_53
a55,zyx_cr_ava_rus_53
a51,zyx_cr_ava_rus_54
a51,zyx_cr_ava_rus_54
a51,zyx_cr_ava_rus_54
a51,zyx_cr_ava_rus_54
a613,zyx_cr_ava_rus_55
a613,zyx_cr_ava_rus_55
a613,zyx_cr_ava_rus_55
a613,zyx_cr_ava_rus_55
a613,zyx_cr_ava_rus_55
a613,zyx_cr_ava_rus_55
a613,zyx_cr_ava_rus_55
a613,zyx_cr_ava_rus_55
a613,zyx_cr_ava_rus_55
a101,zyx_cr_ava_rus_56
a101,zyx_cr_ava_rus_56
a101,zyx_cr_ava_rus_56
a101,zyx_cr_ava_rus_56
a101,zyx_cr_ava_rus_56
a101,zyx_cr_ava_rus_56
a35B*,zyx_cr_ava_rus_57
a35B*,zyx_cr_ava_rus_57
a35B*,zyx_cr_ava_rus_57
a154,zyx_cr_ava_rus_58
a154,zyx_cr_ava_rus_58
a154,zyx_cr_ava_rus_58
a154,zyx_cr_ava_rus_58
a154,zyx_cr_ava_rus_58
a1545A,zyx_cr_ava_rus_61
a1380,zyx_cr_ava_rus_62
a460A,zyx_cr_ava_rus_63
a460A,zyx_cr_ava_rus_63
a460A,zyx_cr_ava_rus_63
a460A,zyx_cr_ava_rus_63
a950,zyx_cr_ava_rus_64
a950,zyx_cr_ava_rus_64
a950,zyx_cr_ava_rus_64
a950,zyx_cr_ava_rus_64
a950,zyx_cr_ava_rus_64
a950,zyx_cr_ava_rus_64
a950,zyx_cr_ava_rus_64
a950,zyx_cr_ava_rus_64
a950,zyx_cr_ava_rus_64
a950,zyx_cr_ava_rus_64
a950,zyx_cr_ava_rus_64
a950,zyx_cr_ava_rus_64
a882,zyx_cr_ava_rus_65
a1842,zyx_cr_ava_rus_66
a875A,zyx_cr_ava_rus_67
a875A,zyx_cr_ava_rus_67
a875A,zyx_cr_ava_rus_67
a875A,zyx_cr_ava_rus_67
a875A,zyx_cr_ava_rus_67
a875A,zyx_cr_ava_rus_67
a875A,zyx_cr_ava_rus_67
a875A,zyx_cr_ava_rus_67
a875A,zyx_cr_ava_rus_67
a875A,zyx_cr_ava_rus_67
a1544A*,zyx_cr_ava_rus_68
a1544A*,zyx_cr_ava_rus_68
a1544A*,zyx_cr_ava_rus_68
a1544A*,zyx_cr_ava_rus_68
a1543,zyx_cr_ava_rus_69
a301,zyx_cr_ava_rus_7
a301,zyx_cr_ava_rus_7
a301,zyx_cr_ava_rus_7
a302,zyx_cr_ava_rus_7
a302,zyx_cr_ava_rus_7
a302,zyx_cr_ava_rus_7
a302,zyx_cr_ava_rus_7
a302,zyx_cr_ava_rus_7
a302,zyx_cr_ava_rus_7
a302,zyx_cr_ava_rus_7
a556F*,zyx_cr_ava_rus_7
a556F*,zyx_cr_ava_rus_7
a556F*,zyx_cr_ava_rus_7
a556F*,zyx_cr_ava_rus_7
a556F*,zyx_cr_ava_rus_7
a556F*,zyx_cr_ava_rus_7
a556F*,zyx_cr_ava_rus_7
a556F*,zyx_cr_ava_rus_7
a302,zyx_cr_ava_rus_7
a302,zyx_cr_ava_rus_7
a302,zyx_cr_ava_rus_7
a301,zyx_cr_ava_rus_7
a301,zyx_cr_ava_rus_7
a1525,zyx_cr_ava_rus_70
a1525,zyx_cr_ava_rus_70
a1525E,zyx_cr_ava_rus_70
a1525,zyx_cr_ava_rus_70
a1525,zyx_cr_ava_rus_70
a1525,zyx_cr_ava_rus_70
a875,zyx_cr_ava_rus_71
a875,zyx_cr_ava_rus_71
a875,zyx_cr_ava_rus_71
a875,zyx_cr_ava_rus_71
a875,zyx_cr_ava_rus_71
a875,zyx_cr_ava_rus_71
a1535,zyx_cr_ava_rus_72
a1535,zyx_cr_ava_rus_72
a1535,zyx_cr_ava_rus_72
a1539,zyx_cr_ava_rus_72
a1539,zyx_cr_ava_rus_72
a1539,zyx_cr_ava_rus_72
a1539,zyx_cr_ava_rus_72
a1539,zyx_cr_ava_rus_72
a1539,zyx_cr_ava_rus_72
a1539,zyx_cr_ava_rus_72
a1539,zyx_cr_ava_rus_72
a1539,zyx_cr_ava_rus_72
a1539,zyx_cr_ava_rus_72
a854,zyx_cr_ava_rus_73
a854,zyx_cr_ava_rus_73
a854,zyx_cr_ava_rus_73
a854,zyx_cr_ava_rus_73
a854,zyx_cr_ava_rus_73
a854,zyx_cr_ava_rus_73
a1739,zyx_cr_ava_rus_74
a1739,zyx_cr_ava_rus_74
a1739,zyx_cr_ava_rus_74
a1739,zyx_cr_ava_rus_74
a1739,zyx_cr_ava_rus_74
a1739,zyx_cr_ava_rus_74
a1281A,zyx_cr_ava_rus_74
a1739,zyx_cr_ava_rus_74
a1739,zyx_cr_ava_rus_74
a1281A,zyx_cr_ava_rus_74
a1685,zyx_cr_ava_rus_74
a1525E,zyx_cr_ava_rus_75
a1525E,zyx_cr_ava_rus_75
a1525D,zyx_cr_ava_rus_75
a1525E,zyx_cr_ava_rus_75
a1525E,zyx_cr_ava_rus_75
a1525E,zyx_cr_ava_rus_75
a1525E,zyx_cr_ava_rus_75
a1525E,zyx_cr_ava_rus_75
a726,zyx_cr_ava_rus_76
a726,zyx_cr_ava_rus_76
a726,zyx_cr_ava_rus_76
a726,zyx_cr_ava_rus_76
a726,zyx_cr_ava_rus_76
a893,zyx_cr_ava_rus_77
a893,zyx_cr_ava_rus_77
a893,zyx_cr_ava_rus_77
a893,zyx_cr_ava_rus_77
a893,zyx_cr_ava_rus_77
a893,zyx_cr_ava_rus_77
a1920F,zyx_cr_ava_rus_78
a1920F,zyx_cr_ava_rus_78
a1920F,zyx_cr_ava_rus_78
a1920F,zyx_cr_ava_rus_78
a300A,zyx_cr_ava_rus_8
a300A,zyx_cr_ava_rus_8
a300A,zyx_cr_ava_rus_8
a300A,zyx_cr_ava_rus_8
a300A,zyx_cr_ava_rus_8
a300A,zyx_cr_ava_rus_8
a300A,zyx_cr_ava_rus_8
a300A,zyx_cr_ava_rus_8
a300A,zyx_cr_ava_rus_8
a300A,zyx_cr_ava_rus_8
a300A,zyx_cr_ava_rus_8
a300A,zyx_cr_ava_rus_8
a550,zyx_cr_ava_rus_8
a550,zyx_cr_ava_rus_8
a550,zyx_cr_ava_rus_8
a550,zyx_cr_ava_rus_8
a519,zyx_cr_ava_rus_8
a519,zyx_cr_ava_rus_8
a519,zyx_cr_ava_rus_8
a519,zyx_cr_ava_rus_8
a519,zyx_cr_ava_rus_8
a519,zyx_cr_ava_rus_8
a519,zyx_cr_ava_rus_8
a519,zyx_cr_ava_rus_8
a519,zyx_cr_ava_rus_8
a519,zyx_cr_ava_rus_8
a519,zyx_cr_ava_rus_8
a519,zyx_cr_ava_rus_8
a519,zyx_cr_ava_rus_8
a519,zyx_cr_ava_rus_8
a519,zyx_cr_ava_rus_8
a519,zyx_cr_ava_rus_8
a519,zyx_cr_ava_rus_8
a550,zyx_cr_ava_rus_8
a550,zyx_cr_ava_rus_8
a550,zyx_cr_ava_rus_8
a550,zyx_cr_ava_rus_8
a550,zyx_cr_ava_rus_8
a550,zyx_cr_ava_rus_8
a550,zyx_cr_ava_rus_8
a550,zyx_cr_ava_rus_8
a1950,zyx_cr_ava_rus_80
a1950,zyx_cr_ava_rus_80
a1950,zyx_cr_ava_rus_80
a1950,zyx_cr_ava_rus_80
a1861A,zyx_cr_ava_rus_82
a1861A,zyx_cr_ava_rus_82
a1960,zyx_cr_ava_rus_84
a1960,zyx_cr_ava_rus_84
a1960,zyx_cr_ava_rus_84
a928,zyx_cr_ava_rus_85
a1617,zyx_cr_ava_rus_86
a1617,zyx_cr_ava_rus_86
a1617,zyx_cr_ava_rus_86
a1617,zyx_cr_ava_rus_86
a1617,zyx_cr_ava_rus_86
a1617,zyx_cr_ava_rus_86
a2031,zyx_cr_ava_rus_87
a2031,zyx_cr_ava_rus_87
a2031,zyx_cr_ava_rus_87
a1000,zyx_cr_ava_rus_88
a1000,zyx_cr_ava_rus_88
a1000,zyx_cr_ava_rus_88
anh65,zyx_cr_ava_rus_89
anh65,zyx_cr_ava_rus_89
a425A,zyx_cr_ava_rus_9
a425A,zyx_cr_ava_rus_9
a425A,zyx_cr_ava_rus_9
a425A,zyx_cr_ava_rus_9
a425A,zyx_cr_ava_rus_9
a425A,zyx_cr_ava_rus_9
a403,zyx_cr_ava_rus_9
a403,zyx_cr_ava_rus_9
a403,zyx_cr_ava_rus_9
a403,zyx_cr_ava_rus_9
a403,zyx_cr_ava_rus_9
a403,zyx_cr_ava_rus_9
a403,zyx_cr_ava_rus_9
a403,zyx_cr_ava_rus_9
a403,zyx_cr_ava_rus_9
a403,zyx_cr_ava_rus_9
a403,zyx_cr_ava_rus_9
a403,zyx_cr_ava_rus_9
a403,zyx_cr_ava_rus_9
a403,zyx_cr_ava_rus_9
a980,zyx_cr_ava_rus_90
a980,zyx_cr_ava_rus_90
a1083,zyx_cr_ava_rus_91
a1083,zyx_cr_ava_rus_91
a1083,zyx_cr_ava_rus_91
a754,zyx_cr_ava_rus_92
a754,zyx_cr_ava_rus_92
a754,zyx_cr_ava_rus_92
a1313,zyx_cr_ava_rus_94
a1313,zyx_cr_ava_rus_94
a1313,zyx_cr_ava_rus_94
anh355,zyx_cr_ava_rus_96
anh355,zyx_cr_ava_rus_96
anh355,zyx_cr_ava_rus_96
a1826,zyx_cr_ava_rus_97
a1826,zyx_cr_ava_rus_97
a1826,zyx_cr_ava_rus_97
a1826,zyx_cr_ava_rus_97
a1533,zyx_cr_ava_rus_98
a1533,zyx_cr_ava_rus_98
a1131,zyx_cr_ava_rus_99
a1131,zyx_cr_ava_rus_99
a513A,zyx_cr_dar_rus_1
a513A,zyx_cr_dar_rus_1
a513A,zyx_cr_dar_rus_1
a513A,zyx_cr_dar_rus_1
a513A,zyx_cr_dar_rus_1
a513A,zyx_cr_dar_rus_1
a513A,zyx_cr_dar_rus_1
a513A,zyx_cr_dar_rus_1
a513A,zyx_cr_dar_rus_1
a513A,zyx_cr_dar_rus_1
a513A,zyx_cr_dar_rus_1
a513A,zyx_cr_dar_rus_1
a513A,zyx_cr_dar_rus_1
a513A,zyx_cr_dar_rus_1
a513A,zyx_cr_dar_rus_1
a513A,zyx_cr_dar_rus_1
a513A,zyx_cr_dar_rus_1
a513A,zyx_cr_dar_rus_1
a513A,zyx_cr_dar_rus_1
a513A,zyx_cr_dar_rus_1
a513A,zyx_cr_dar_rus_1
a35B*,zyx_cr_dar_rus_104
a35B*,zyx_cr_dar_rus_104
a35B*,zyx_cr_dar_rus_104
a35B*,zyx_cr_dar_rus_104
a155,zyx_cr_dar_rus_106
a155,zyx_cr_dar_rus_106
a155,zyx_cr_dar_rus_106
a155,zyx_cr_dar_rus_106
a155,zyx_cr_dar_rus_106
a155,zyx_cr_dar_rus_106
a155,zyx_cr_dar_rus_106
a170,zyx_cr_dar_rus_109
a170,zyx_cr_dar_rus_109
a170,zyx_cr_dar_rus_109
a170,zyx_cr_dar_rus_109
a170,zyx_cr_dar_rus_109
a530,zyx_cr_dar_rus_11
a552,zyx_cr_dar_rus_11
a530,zyx_cr_dar_rus_11
a530,zyx_cr_dar_rus_11
a530,zyx_cr_dar_rus_11
a530,zyx_cr_dar_rus_11
a530,zyx_cr_dar_rus_11
a552,zyx_cr_dar_rus_11
a552,zyx_cr_dar_rus_11
a552,zyx_cr_dar_rus_11
a552,zyx_cr_dar_rus_11
a552,zyx_cr_dar_rus_11
a552,zyx_cr_dar_rus_11
a552,zyx_cr_dar_rus_11
a552,zyx_cr_dar_rus_11
a552,zyx_cr_dar_rus_11
a552,zyx_cr_dar_rus_11
a530,zyx_cr_dar_rus_11
a530,zyx_cr_dar_rus_11
a1641,zyx_cr_dar_rus_117
a1641,zyx_cr_dar_rus_117
a1641,zyx_cr_dar_rus_117
a1641,zyx_cr_dar_rus_117
a875,zyx_cr_dar_rus_119
a875,zyx_cr_dar_rus_119
a875,zyx_cr_dar_rus_119
a875,zyx_cr_dar_rus_119
a875,zyx_cr_dar_rus_119
a875,zyx_cr_dar_rus_119
a875,zyx_cr_dar_rus_119
a875,zyx_cr_dar_rus_119
a875,zyx_cr_dar_rus_119
a875,zyx_cr_dar_rus_119
a875,zyx_cr_dar_rus_119
a875,zyx_cr_dar_rus_119
a875,zyx_cr_dar_rus_119
a875,zyx_cr_dar_rus_119
a875,zyx_cr_dar_rus_119
a875,zyx_cr_dar_rus_119
a875E,zyx_cr_dar_rus_119
a875E,zyx_cr_dar_rus_119
aTMJ1545_4,zyx_cr_dar_rus_119
aTMJ1545_4,zyx_cr_dar_rus_119
a875,zyx_cr_dar_rus_119
a563,zyx_cr_dar_rus_12
a425A,zyx_cr_dar_rus_12
a425A,zyx_cr_dar_rus_12
a563,zyx_cr_dar_rus_12
a563,zyx_cr_dar_rus_12
a563,zyx_cr_dar_rus_12
a563,zyx_cr_dar_rus_12
a563,zyx_cr_dar_rus_12
a563,zyx_cr_dar_rus_12
a563,zyx_cr_dar_rus_12
a563,zyx_cr_dar_rus_12
a563,zyx_cr_dar_rus_12
a563,zyx_cr_dar_rus_12
a563,zyx_cr_dar_rus_12
a563,zyx_cr_dar_rus_12
a563,zyx_cr_dar_rus_12
a563,zyx_cr_dar_rus_12
a563,zyx_cr_dar_rus_12
a563,zyx_cr_dar_rus_12
a563,zyx_cr_dar_rus_12
a563,zyx_cr_dar_rus_12
a1730,zyx_cr_dar_rus_128
a1730,zyx_cr_dar_rus_128
a1730,zyx_cr_dar_rus_128
a1730,zyx_cr_dar_rus_128
a1730,zyx_cr_dar_rus_128
a1730,zyx_cr_dar_rus_128
a1730,zyx_cr_dar_rus_128
a1730,zyx_cr_dar_rus_128
a1730,zyx_cr_dar_rus_128
a1730,zyx_cr_dar_rus_128
a1730,zyx_cr_dar_rus_128
a1592,zyx_cr_dar_rus_132
a1592,zyx_cr_dar_rus_132
a1592,zyx_cr_dar_rus_132
anh921,zyx_cr_dar_rus_133
anh921,zyx_cr_dar_rus_133
anh921,zyx_cr_dar_rus_133
anh921,zyx_cr_dar_rus_133
anh921,zyx_cr_dar_rus_133
anh921,zyx_cr_dar_rus_133
anh921,zyx_cr_dar_rus_133
a613,zyx_cr_dar_rus_136
a613,zyx_cr_dar_rus_136
a613,zyx_cr_dar_rus_136
a613,zyx_cr_dar_rus_136
a613,zyx_cr_dar_rus_136
a613,zyx_cr_dar_rus_136
a613,zyx_cr_dar_rus_136
a613,zyx_cr_dar_rus_136
a613,zyx_cr_dar_rus_136
a1545A,zyx_cr_dar_rus_137
a327,zyx_cr_dar_rus_14
a327,zyx_cr_dar_rus_14
a327,zyx_cr_dar_rus_14
a327,zyx_cr_dar_rus_14
a327,zyx_cr_dar_rus_14
a511,zyx_cr_dar_rus_14
a511,zyx_cr_dar_rus_14
a511,zyx_cr_dar_rus_14
a327,zyx_cr_dar_rus_14
a327,zyx_cr_dar_rus_14
a313,zyx_cr_dar_rus_14
a313,zyx_cr_dar_rus_14
a313,zyx_cr_dar_rus_14
a313,zyx_cr_dar_rus_14
a875,zyx_cr_dar_rus_16
a875,zyx_cr_dar_rus_16
a875,zyx_cr_dar_rus_16
a875,zyx_cr_dar_rus_16
a875,zyx_cr_dar_rus_16
a875,zyx_cr_dar_rus_16
a875,zyx_cr_dar_rus_16
a875,zyx_cr_dar_rus_16
a875,zyx_cr_dar_rus_16
a875,zyx_cr_dar_rus_16
a875,zyx_cr_dar_rus_16
a875,zyx_cr_dar_rus_16
a875,zyx_cr_dar_rus_16
a875,zyx_cr_dar_rus_16
a875,zyx_cr_dar_rus_16
a875,zyx_cr_dar_rus_16
a875,zyx_cr_dar_rus_16
a875,zyx_cr_dar_rus_16
a875E,zyx_cr_dar_rus_16
a875E,zyx_cr_dar_rus_16
aTMJ1545_4,zyx_cr_dar_rus_16
aTMJ1545_4,zyx_cr_dar_rus_16
a875,zyx_cr_dar_rus_16
a1539,zyx_cr_dar_rus_162
a1539,zyx_cr_dar_rus_162
a1539,zyx_cr_dar_rus_162
a1539,zyx_cr_dar_rus_162
a1539,zyx_cr_dar_rus_162
a1539,zyx_cr_dar_rus_162
a1539,zyx_cr_dar_rus_162
a1539,zyx_cr_dar_rus_162
a1539,zyx_cr_dar_rus_162
a1539,zyx_cr_dar_rus_162
a1539,zyx_cr_dar_rus_162
a1539,zyx_cr_dar_rus_162
a1539,zyx_cr_dar_rus_162
a1539,zyx_cr_dar_rus_162
a1539,zyx_cr_dar_rus_162
a1539,zyx_cr_dar_rus_162
a1539,zyx_cr_dar_rus_162
a1539,zyx_cr_dar_rus_162
a1539,zyx_cr_dar_rus_162
a1539,zyx_cr_dar_rus_162
a1539,zyx_cr_dar_rus_162
a1199,zyx_cr_dar_rus_163
a1199,zyx_cr_dar_rus_163
a1199,zyx_cr_dar_rus_163
a1199,zyx_cr_dar_rus_163
a332,zyx_cr_dar_rus_163
a332,zyx_cr_dar_rus_163
a332,zyx_cr_dar_rus_163
a332,zyx_cr_dar_rus_163
a1199,zyx_cr_dar_rus_163
anh483,zyx_cr_dar_rus_165
anh483,zyx_cr_dar_rus_165
anh483,zyx_cr_dar_rus_165
anh483,zyx_cr_dar_rus_165
anh483,zyx_cr_dar_rus_165
a545B,zyx_cr_dar_rus_167
a545B,zyx_cr_dar_rus_167
a545B,zyx_cr_dar_rus_167
a545B,zyx_cr_dar_rus_167
a545B,zyx_cr_dar_rus_167
a545B,zyx_cr_dar_rus_167
a545B,zyx_cr_dar_rus_167
a545B,zyx_cr_dar_rus_167
a545B,zyx_cr_dar_rus_167
a545B,zyx_cr_dar_rus_167
a545B,zyx_cr_dar_rus_167
a545B,zyx_cr_dar_rus_167
a545B,zyx_cr_dar_rus_167
a545B,zyx_cr_dar_rus_167
a545B,zyx_cr_dar_rus_167
a545B,zyx_cr_dar_rus_167
a545B,zyx_cr_dar_rus_167
a707,zyx_cr_dar_rus_168
a707,zyx_cr_dar_rus_168
a707,zyx_cr_dar_rus_168
a707,zyx_cr_dar_rus_168
a707,zyx_cr_dar_rus_168
a707,zyx_cr_dar_rus_168
a707,zyx_cr_dar_rus_168
a707,zyx_cr_dar_rus_168
a707,zyx_cr_dar_rus_168
a707,zyx_cr_dar_rus_168
a707,zyx_cr_dar_rus_168
a707,zyx_cr_dar_rus_168
a707,zyx_cr_dar_rus_168
a707,zyx_cr_dar_rus_168
a707,zyx_cr_dar_rus_168
a707,zyx_cr_dar_rus_168
a707,zyx_cr_dar_rus_168
a707,zyx_cr_dar_rus_168
a707,zyx_cr_dar_rus_168
a707,zyx_cr_dar_rus_168
a707,zyx_cr_dar_rus_168
a707,zyx_cr_dar_rus_168
a707,zyx_cr_dar_rus_168
a707,zyx_cr_dar_rus_168
a707,zyx_cr_dar_rus_168
a707,zyx_cr_dar_rus_168
a707,zyx_cr_dar_rus_168
a707,zyx_cr_dar_rus_168
a707,zyx_cr_dar_rus_168
a707,zyx_cr_dar_rus_168
a707,zyx_cr_dar_rus_168
a707,zyx_cr_dar_rus_168
a707,zyx_cr_dar_rus_168
a707,zyx_cr_dar_rus_168
a707,zyx_cr_dar_rus_168
a327B,zyx_cr_dar_rus_170
a327B,zyx_cr_dar_rus_170
a327B,zyx_cr_dar_rus_170
a327B,zyx_cr_dar_rus_170
a327B,zyx_cr_dar_rus_170
a1525,zyx_cr_dar_rus_170
a1525,zyx_cr_dar_rus_170
a1525,zyx_cr_dar_rus_170
a1525,zyx_cr_dar_rus_170
a1525,zyx_cr_dar_rus_170
a1525,zyx_cr_dar_rus_170
a1525,zyx_cr_dar_rus_170
a1525,zyx_cr_dar_rus_170
a1525,zyx_cr_dar_rus_170
a327C,zyx_cr_dar_rus_172
a327C,zyx_cr_dar_rus_172
a327C,zyx_cr_dar_rus_172
a327C,zyx_cr_dar_rus_172
a327C,zyx_cr_dar_rus_172
a327C,zyx_cr_dar_rus_172
a327C,zyx_cr_dar_rus_172
a327C,zyx_cr_dar_rus_172
a327C,zyx_cr_dar_rus_172
a327C,zyx_cr_dar_rus_172
a327C,zyx_cr_dar_rus_172
a327C,zyx_cr_dar_rus_172
a327C,zyx_cr_dar_rus_172
a327C,zyx_cr_dar_rus_172
a327C,zyx_cr_dar_rus_172
a327C,zyx_cr_dar_rus_172
a327C,zyx_cr_dar_rus_172
a1640,zyx_cr_dar_rus_173
a1640,zyx_cr_dar_rus_173
a1640,zyx_cr_dar_rus_173
a1640,zyx_cr_dar_rus_173
a1640,zyx_cr_dar_rus_173
a1960,zyx_cr_dar_rus_175
a1960,zyx_cr_dar_rus_175
a1960,zyx_cr_dar_rus_175
a563,zyx_cr_dar_rus_177
a563,zyx_cr_dar_rus_177
a563,zyx_cr_dar_rus_177
a563,zyx_cr_dar_rus_177
a563,zyx_cr_dar_rus_177
a563,zyx_cr_dar_rus_177
a563,zyx_cr_dar_rus_177
a563,zyx_cr_dar_rus_177
a563,zyx_cr_dar_rus_177
a563,zyx_cr_dar_rus_177
a563,zyx_cr_dar_rus_177
a563,zyx_cr_dar_rus_177
a563,zyx_cr_dar_rus_177
a563,zyx_cr_dar_rus_177
a563,zyx_cr_dar_rus_177
a563,zyx_cr_dar_rus_177
a563,zyx_cr_dar_rus_177
a563,zyx_cr_dar_rus_177
a563,zyx_cr_dar_rus_177
a563,zyx_cr_dar_rus_177
a563,zyx_cr_dar_rus_177
a563,zyx_cr_dar_rus_177
a314,zyx_cr_dar_rus_178
a314,zyx_cr_dar_rus_178
a314,zyx_cr_dar_rus_178
a314,zyx_cr_dar_rus_178
a314,zyx_cr_dar_rus_178
a314,zyx_cr_dar_rus_178
a314,zyx_cr_dar_rus_178
a314,zyx_cr_dar_rus_178
a314,zyx_cr_dar_rus_178
a314,zyx_cr_dar_rus_178
a314,zyx_cr_dar_rus_178
a314,zyx_cr_dar_rus_178
a314,zyx_cr_dar_rus_178
a314,zyx_cr_dar_rus_178
a314,zyx_cr_dar_rus_178
a314,zyx_cr_dar_rus_178
a314,zyx_cr_dar_rus_178
a314,zyx_cr_dar_rus_178
a314,zyx_cr_dar_rus_178
a314,zyx_cr_dar_rus_178
a314,zyx_cr_dar_rus_178
a314,zyx_cr_dar_rus_178
a314,zyx_cr_dar_rus_178
a314,zyx_cr_dar_rus_178
a314,zyx_cr_dar_rus_178
a314,zyx_cr_dar_rus_178
a314,zyx_cr_dar_rus_178
a314,zyx_cr_dar_rus_178
a314,zyx_cr_dar_rus_178
a314,zyx_cr_dar_rus_178
a314,zyx_cr_dar_rus_178
a314,zyx_cr_dar_rus_178
a314,zyx_cr_dar_rus_178
a314,zyx_cr_dar_rus_178
a314,zyx_cr_dar_rus_178
a314,zyx_cr_dar_rus_178
a314,zyx_cr_dar_rus_178
a314,zyx_cr_dar_rus_178
a314,zyx_cr_dar_rus_178
a314,zyx_cr_dar_rus_178
a314,zyx_cr_dar_rus_178
a314,zyx_cr_dar_rus_178
a314,zyx_cr_dar_rus_178
a314,zyx_cr_dar_rus_178
a314,zyx_cr_dar_rus_178
a314,zyx_cr_dar_rus_178
a314,zyx_cr_dar_rus_178
a314,zyx_cr_dar_rus_178
a303,zyx_cr_dar_rus_178
a303,zyx_cr_dar_rus_178
a303,zyx_cr_dar_rus_178
a303,zyx_cr_dar_rus_178
a303,zyx_cr_dar_rus_178
a303,zyx_cr_dar_rus_178
a303,zyx_cr_dar_rus_178
a314,zyx_cr_dar_rus_178
a314,zyx_cr_dar_rus_178
a314,zyx_cr_dar_rus_178
a655,zyx_cr_dar_rus_179
a655,zyx_cr_dar_rus_179
a655,zyx_cr_dar_rus_179
a655,zyx_cr_dar_rus_179
a655,zyx_cr_dar_rus_179
a655,zyx_cr_dar_rus_179
a655,zyx_cr_dar_rus_179
a655,zyx_cr_dar_rus_179
a655,zyx_cr_dar_rus_179
a655,zyx_cr_dar_rus_179
a655,zyx_cr_dar_rus_179
a655,zyx_cr_dar_rus_179
a655,zyx_cr_dar_rus_179
a655,zyx_cr_dar_rus_179
a655,zyx_cr_dar_rus_179
a655,zyx_cr_dar_rus_179
a976,zyx_cr_dar_rus_179
a655,zyx_cr_dar_rus_179
a655,zyx_cr_dar_rus_179
a650A,zyx_cr_dar_rus_2
a650A,zyx_cr_dar_rus_2
a650A,zyx_cr_dar_rus_2
a650A,zyx_cr_dar_rus_2
a650A,zyx_cr_dar_rus_2
a650A,zyx_cr_dar_rus_2
a650A,zyx_cr_dar_rus_2
a650A,zyx_cr_dar_rus_2
a650A,zyx_cr_dar_rus_2
a650A,zyx_cr_dar_rus_2
a650A,zyx_cr_dar_rus_2
a650A,zyx_cr_dar_rus_2
a650A,zyx_cr_dar_rus_2
a650A,zyx_cr_dar_rus_2
a650A,zyx_cr_dar_rus_2
a930A,zyx_cr_dar_rus_23
a930A,zyx_cr_dar_rus_23
a930A,zyx_cr_dar_rus_23
a930A,zyx_cr_dar_rus_23
a930A,zyx_cr_dar_rus_23
a930A,zyx_cr_dar_rus_23
a930A,zyx_cr_dar_rus_23
a930A,zyx_cr_dar_rus_23
a1539,zyx_cr_dar_rus_25
a1539,zyx_cr_dar_rus_25
a1539,zyx_cr_dar_rus_25
a1539,zyx_cr_dar_rus_25
a1539,zyx_cr_dar_rus_25
a1539,zyx_cr_dar_rus_25
a1539,zyx_cr_dar_rus_25
a1539,zyx_cr_dar_rus_25
a1539,zyx_cr_dar_rus_25
a1539,zyx_cr_dar_rus_25
a1539,zyx_cr_dar_rus_25
a1539,zyx_cr_dar_rus_25
a1539,zyx_cr_dar_rus_25
a1539,zyx_cr_dar_rus_25
a1539,zyx_cr_dar_rus_25
a1539,zyx_cr_dar_rus_25
a1539,zyx_cr_dar_rus_25
a1539,zyx_cr_dar_rus_25
a1539,zyx_cr_dar_rus_25
a1539,zyx_cr_dar_rus_25
a1539,zyx_cr_dar_rus_25
a1539,zyx_cr_dar_rus_25
a1539,zyx_cr_dar_rus_25
a1539,zyx_cr_dar_rus_27
a1240,zyx_cr_dar_rus_28
a1313A,zyx_cr_dar_rus_28
a1535,zyx_cr_dar_rus_28
a1640,zyx_cr_dar_rus_29
a1640,zyx_cr_dar_rus_29
a1640,zyx_cr_dar_rus_29
a1640,zyx_cr_dar_rus_29
a1640,zyx_cr_dar_rus_29
a1640,zyx_cr_dar_rus_29
a552,zyx_cr_dar_rus_3
a552,zyx_cr_dar_rus_3
a552,zyx_cr_dar_rus_3
a552,zyx_cr_dar_rus_3
a552,zyx_cr_dar_rus_3
a552,zyx_cr_dar_rus_3
a552,zyx_cr_dar_rus_3
a552,zyx_cr_dar_rus_3
a552,zyx_cr_dar_rus_3
a552,zyx_cr_dar_rus_3
a552,zyx_cr_dar_rus_3
a552,zyx_cr_dar_rus_3
a552,zyx_cr_dar_rus_3
a552,zyx_cr_dar_rus_3
a552,zyx_cr_dar_rus_3
a552,zyx_cr_dar_rus_3
a552,zyx_cr_dar_rus_3
a552,zyx_cr_dar_rus_3
a552,zyx_cr_dar_rus_3
a552,zyx_cr_dar_rus_3
a552,zyx_cr_dar_rus_3
a552,zyx_cr_dar_rus_3
a552,zyx_cr_dar_rus_3
a552,zyx_cr_dar_rus_3
a552,zyx_cr_dar_rus_3
a552,zyx_cr_dar_rus_3
a552,zyx_cr_dar_rus_3
a552,zyx_cr_dar_rus_3
a552,zyx_cr_dar_rus_3
a552,zyx_cr_dar_rus_3
a1643,zyx_cr_dar_rus_33
a1643,zyx_cr_dar_rus_33
a1643,zyx_cr_dar_rus_33
a1643,zyx_cr_dar_rus_33
a1643,zyx_cr_dar_rus_33
anh391,zyx_cr_dar_rus_42
anh391,zyx_cr_dar_rus_42
anh391,zyx_cr_dar_rus_42
anh391,zyx_cr_dar_rus_42
anh391,zyx_cr_dar_rus_42
anh391,zyx_cr_dar_rus_42
a1240,zyx_cr_dar_rus_44
a1313A,zyx_cr_dar_rus_44
anh415,zyx_cr_dar_rus_45
anh415,zyx_cr_dar_rus_45
anh415,zyx_cr_dar_rus_45
anh415,zyx_cr_dar_rus_45
anh415,zyx_cr_dar_rus_45
anh415,zyx_cr_dar_rus_45
aTMJ1392_1,zyx_cr_dar_rus_46
a1535,zyx_cr_dar_rus_48
a1535,zyx_cr_dar_rus_48
a1535,zyx_cr_dar_rus_48
a1535,zyx_cr_dar_rus_48
a1535,zyx_cr_dar_rus_48
a1535,zyx_cr_dar_rus_48
a1535,zyx_cr_dar_rus_48
a1535,zyx_cr_dar_rus_48
a1535,zyx_cr_dar_rus_48
a1535,zyx_cr_dar_rus_48
a1535,zyx_cr_dar_rus_48
a1535,zyx_cr_dar_rus_48
a1535,zyx_cr_dar_rus_48
a1535,zyx_cr_dar_rus_48
a315,zyx_cr_dar_rus_5
a315,zyx_cr_dar_rus_5
a315,zyx_cr_dar_rus_5
a315,zyx_cr_dar_rus_5
a315,zyx_cr_dar_rus_5
a315,zyx_cr_dar_rus_5
a315,zyx_cr_dar_rus_5
a315,zyx_cr_dar_rus_5
a315,zyx_cr_dar_rus_5
a315,zyx_cr_dar_rus_5
a315,zyx_cr_dar_rus_5
a315,zyx_cr_dar_rus_5
a315,zyx_cr_dar_rus_5
a315,zyx_cr_dar_rus_5
a315,zyx_cr_dar_rus_5
a315,zyx_cr_dar_rus_5
a315,zyx_cr_dar_rus_5
a315,zyx_cr_dar_rus_5
a315,zyx_cr_dar_rus_5
a315,zyx_cr_dar_rus_5
a303,zyx_cr_dar_rus_5
a300,zyx_cr_dar_rus_5
a300,zyx_cr_dar_rus_5
a300,zyx_cr_dar_rus_5
a300,zyx_cr_dar_rus_5
a300,zyx_cr_dar_rus_5
a300,zyx_cr_dar_rus_5
a303,zyx_cr_dar_rus_5
a519,zyx_cr_dar_rus_5
a519,zyx_cr_dar_rus_5
a519,zyx_cr_dar_rus_5
a1730,zyx_cr_dar_rus_54
a1730,zyx_cr_dar_rus_54
a1730,zyx_cr_dar_rus_54
a1730,zyx_cr_dar_rus_54
a1730,zyx_cr_dar_rus_54
a1730,zyx_cr_dar_rus_54
a1730,zyx_cr_dar_rus_54
a1730,zyx_cr_dar_rus_54
a1730,zyx_cr_dar_rus_54
a707,zyx_cr_dar_rus_6
a707,zyx_cr_dar_rus_6
a707,zyx_cr_dar_rus_6
a707,zyx_cr_dar_rus_6
a707,zyx_cr_dar_rus_6
a707,zyx_cr_dar_rus_6
a707,zyx_cr_dar_rus_6
a707,zyx_cr_dar_rus_6
a707,zyx_cr_dar_rus_6
a707,zyx_cr_dar_rus_6
a707,zyx_cr_dar_rus_6
a707,zyx_cr_dar_rus_6
a707,zyx_cr_dar_rus_6
a707,zyx_cr_dar_rus_6
a707,zyx_cr_dar_rus_6
a707,zyx_cr_dar_rus_6
a707,zyx_cr_dar_rus_6
a707,zyx_cr_dar_rus_6
a707,zyx_cr_dar_rus_6
a707,zyx_cr_dar_rus_6
a707,zyx_cr_dar_rus_6
a707,zyx_cr_dar_rus_6
a707,zyx_cr_dar_rus_6
a707,zyx_cr_dar_rus_6
a1592,zyx_cr_dar_rus_62
a1592,zyx_cr_dar_rus_62
a1592,zyx_cr_dar_rus_62
a1592,zyx_cr_dar_rus_62
a650A,zyx_cr_dar_rus_7
a301,zyx_cr_dar_rus_7
a301,zyx_cr_dar_rus_7
a302,zyx_cr_dar_rus_7
a302,zyx_cr_dar_rus_7
a302,zyx_cr_dar_rus_7
a302,zyx_cr_dar_rus_7
a302,zyx_cr_dar_rus_7
a302,zyx_cr_dar_rus_7
a302,zyx_cr_dar_rus_7
a650A,zyx_cr_dar_rus_7
a650A,zyx_cr_dar_rus_7
a650A,zyx_cr_dar_rus_7
a1592B,zyx_cr_dar_rus_75
a1592B,zyx_cr_dar_rus_75
a1535,zyx_cr_dar_rus_76
a1535,zyx_cr_dar_rus_76
a1535,zyx_cr_dar_rus_76
a1535,zyx_cr_dar_rus_76
a300,zyx_cr_dar_rus_8
a300,zyx_cr_dar_rus_8
a300,zyx_cr_dar_rus_8
a300,zyx_cr_dar_rus_8
a300,zyx_cr_dar_rus_8
aEu,zyx_cr_dar_rus_83
aEu,zyx_cr_dar_rus_83
aEu,zyx_cr_dar_rus_83
aEu,zyx_cr_dar_rus_83
aEu,zyx_cr_dar_rus_83
aEu,zyx_cr_dar_rus_83
aEu,zyx_cr_dar_rus_83
aEu,zyx_cr_dar_rus_83
aEu,zyx_cr_dar_rus_83
a550,zyx_cr_dar_rus_84
a550,zyx_cr_dar_rus_84
a550,zyx_cr_dar_rus_84
a550,zyx_cr_dar_rus_84
a550,zyx_cr_dar_rus_84
a550,zyx_cr_dar_rus_84
a550,zyx_cr_dar_rus_84
a550,zyx_cr_dar_rus_84
a550,zyx_cr_dar_rus_84
a550,zyx_cr_dar_rus_84
a550,zyx_cr_dar_rus_84
a550,zyx_cr_dar_rus_84
a550,zyx_cr_dar_rus_84
a160,zyx_cr_dar_rus_85
a160,zyx_cr_dar_rus_85
a160,zyx_cr_dar_rus_85
a160,zyx_cr_dar_rus_85
a160,zyx_cr_dar_rus_85
a160,zyx_cr_dar_rus_85
a160,zyx_cr_dar_rus_85
a160,zyx_cr_dar_rus_85
a160,zyx_cr_dar_rus_85
a160,zyx_cr_dar_rus_85
a160,zyx_cr_dar_rus_85
a160,zyx_cr_dar_rus_85
a410,zyx_cr_dar_rus_86
a410,zyx_cr_dar_rus_86
a410,zyx_cr_dar_rus_86
a403,zyx_cr_dar_rus_86
a403,zyx_cr_dar_rus_86
a403,zyx_cr_dar_rus_86
a403,zyx_cr_dar_rus_86
a403,zyx_cr_dar_rus_86
a403,zyx_cr_dar_rus_86
a403,zyx_cr_dar_rus_86
a410,zyx_cr_dar_rus_86
a410,zyx_cr_dar_rus_86
a410,zyx_cr_dar_rus_86
a410,zyx_cr_dar_rus_86
a410,zyx_cr_dar_rus_86
a410,zyx_cr_dar_rus_86
a410,zyx_cr_dar_rus_86
a410,zyx_cr_dar_rus_86
a410,zyx_cr_dar_rus_86
a410,zyx_cr_dar_rus_86
a410,zyx_cr_dar_rus_86
a410,zyx_cr_dar_rus_86
a312D,zyx_cr_dar_rus_89
a312D,zyx_cr_dar_rus_89
a312D,zyx_cr_dar_rus_89
a312D,zyx_cr_dar_rus_89
a312D,zyx_cr_dar_rus_89
a312D,zyx_cr_dar_rus_89
a312D,zyx_cr_dar_rus_89
a312D,zyx_cr_dar_rus_89
a312D,zyx_cr_dar_rus_89
a312D,zyx_cr_dar_rus_89
a312D,zyx_cr_dar_rus_89
a312D,zyx_cr_dar_rus_89
a312D,zyx_cr_dar_rus_89
a312D,zyx_cr_dar_rus_89
a312D,zyx_cr_dar_rus_89
a300,zyx_cr_dar_rus_89
a300,zyx_cr_dar_rus_89
a300,zyx_cr_dar_rus_89
a312D,zyx_cr_dar_rus_89
a312D,zyx_cr_dar_rus_89
a312D,zyx_cr_dar_rus_89
a425A,zyx_cr_dar_rus_9
a425A,zyx_cr_dar_rus_9
a425A,zyx_cr_dar_rus_9
a425A,zyx_cr_dar_rus_9
a425A,zyx_cr_dar_rus_9
a425A,zyx_cr_dar_rus_9
a425A,zyx_cr_dar_rus_9
a425A,zyx_cr_dar_rus_9
a425A,zyx_cr_dar_rus_9
a425B,zyx_cr_dar_rus_9
a425B,zyx_cr_dar_rus_9
a425B,zyx_cr_dar_rus_9
a425B,zyx_cr_dar_rus_9
a425B,zyx_cr_dar_rus_9
a425B,zyx_cr_dar_rus_9
a425B,zyx_cr_dar_rus_9
a425B,zyx_cr_dar_rus_9
a425B,zyx_cr_dar_rus_9
a425B,zyx_cr_dar_rus_9
a425B,zyx_cr_dar_rus_9
a425B,zyx_cr_dar_rus_9
a425B,zyx_cr_dar_rus_9
a425B,zyx_cr_dar_rus_9
a425B,zyx_cr_dar_rus_9
a425B,zyx_cr_dar_rus_9
a425B,zyx_cr_dar_rus_9
a425B,zyx_cr_dar_rus_9
a425B,zyx_cr_dar_rus_9
a313,zyx_cr_dar_rus_9
a531,zyx_cr_dar_rus_91
a531,zyx_cr_dar_rus_91
a531,zyx_cr_dar_rus_91
a531,zyx_cr_dar_rus_91
a531,zyx_cr_dar_rus_91
a531,zyx_cr_dar_rus_91
a531,zyx_cr_dar_rus_91
a531,zyx_cr_dar_rus_91
a531,zyx_cr_dar_rus_91
a531,zyx_cr_dar_rus_91
a531,zyx_cr_dar_rus_91
a531,zyx_cr_dar_rus_91
a531,zyx_cr_dar_rus_91
a1525A,zyx_cr_dar_rus_93
a1525A,zyx_cr_dar_rus_93
a1525A,zyx_cr_dar_rus_93
a1525A,zyx_cr_dar_rus_93
a1525A,zyx_cr_dar_rus_93
a1525A,zyx_cr_dar_rus_93
a1525A,zyx_cr_dar_rus_93
a1525A,zyx_cr_dar_rus_93
a1525A,zyx_cr_dar_rus_93
a1525A,zyx_cr_dar_rus_93
anh391,zyx_cr_dar_rus_97
anh391,zyx_cr_dar_rus_97
anh391,zyx_cr_dar_rus_97
anh391,zyx_cr_dar_rus_97
anh391,zyx_cr_dar_rus_97
anh391,zyx_cr_dar_rus_97
a1199,zyx_cr_dar_rus_98
a332,zyx_cr_dar_rus_98
a170,zyx_cr_dar_rus_99
a38,zyx_cr_dar_rus_99
a613,zyx_cr_ddo_rus_1
a613,zyx_cr_ddo_rus_1
a613,zyx_cr_ddo_rus_1
a613,zyx_cr_ddo_rus_1
a613,zyx_cr_ddo_rus_1
a613,zyx_cr_ddo_rus_1
a613,zyx_cr_ddo_rus_1
a613,zyx_cr_ddo_rus_1
a613,zyx_cr_ddo_rus_1
a613,zyx_cr_ddo_rus_1
a613,zyx_cr_ddo_rus_1
a613,zyx_cr_ddo_rus_1
a1240,zyx_cr_ddo_rus_10
a1240,zyx_cr_ddo_rus_10
a1535,zyx_cr_ddo_rus_10
a1535,zyx_cr_ddo_rus_10
a1535,zyx_cr_ddo_rus_10
a1535,zyx_cr_ddo_rus_10
a460A,zyx_cr_ddo_rus_12
a460A,zyx_cr_ddo_rus_12
a460A,zyx_cr_ddo_rus_12
a460A,zyx_cr_ddo_rus_12
a460A,zyx_cr_ddo_rus_12
a460A,zyx_cr_ddo_rus_12
a460A,zyx_cr_ddo_rus_12
a460A,zyx_cr_ddo_rus_12
a516,zyx_cc_ddo_rus_13
a516,zyx_cc_ddo_rus_13
a516,zyx_cc_ddo_rus_13
a516,zyx_cc_ddo_rus_13
a655,zyx_cc_ddo_rus_15
a655,zyx_cc_ddo_rus_15
a655,zyx_cc_ddo_rus_15
a655,zyx_cc_ddo_rus_15
a655,zyx_cc_ddo_rus_15
a655,zyx_cc_ddo_rus_15
a655,zyx_cc_ddo_rus_15
a655,zyx_cc_ddo_rus_15
a655,zyx_cc_ddo_rus_15
a655,zyx_cc_ddo_rus_15
a655,zyx_cc_ddo_rus_15
a655,zyx_cc_ddo_rus_15
a655,zyx_cc_ddo_rus_15
a655,zyx_cc_ddo_rus_15
a655,zyx_cc_ddo_rus_15
a655,zyx_cc_ddo_rus_15
a655,zyx_cc_ddo_rus_15
a655,zyx_cc_ddo_rus_15
a655,zyx_cc_ddo_rus_15
a976,zyx_cc_ddo_rus_15
a655,zyx_cc_ddo_rus_15
a654,zyx_cc_ddo_rus_16
a654,zyx_cc_ddo_rus_16
a654,zyx_cc_ddo_rus_16
a654,zyx_cc_ddo_rus_16
a654,zyx_cc_ddo_rus_16
a654,zyx_cc_ddo_rus_16
a654,zyx_cc_ddo_rus_16
a654,zyx_cc_ddo_rus_16
a545B,zyx_cc_ddo_rus_18
a545B,zyx_cc_ddo_rus_18
a545B,zyx_cc_ddo_rus_18
a545B,zyx_cc_ddo_rus_18
a545B,zyx_cc_ddo_rus_18
a530,zyx_cr_ddo_rus_2
a554,zyx_cr_ddo_rus_2
a554,zyx_cr_ddo_rus_2
a554,zyx_cr_ddo_rus_2
a530,zyx_cr_ddo_rus_2
a982,zyx_cc_ddo_rus_26
a982,zyx_cc_ddo_rus_26
a982,zyx_cc_ddo_rus_26
a982,zyx_cc_ddo_rus_26
a982,zyx_cc_ddo_rus_26
a982,zyx_cc_ddo_rus_26
a300,zyx_cc_ddo_rus_26
a300,zyx_cc_ddo_rus_26
a300,zyx_cc_ddo_rus_26
a300,zyx_cc_ddo_rus_26
a300,zyx_cc_ddo_rus_26
a300,zyx_cc_ddo_rus_26
a300,zyx_cc_ddo_rus_26
a300,zyx_cc_ddo_rus_26
a300,zyx_cc_ddo_rus_26
a300,zyx_cc_ddo_rus_26
a300,zyx_cc_ddo_rus_26
a300,zyx_cc_ddo_rus_26
a300,zyx_cc_ddo_rus_26
a300,zyx_cc_ddo_rus_26
a300,zyx_cc_ddo_rus_26
a300,zyx_cc_ddo_rus_26
a300,zyx_cc_ddo_rus_26
a300,zyx_cc_ddo_rus_26
a300,zyx_cc_ddo_rus_26
a300,zyx_cc_ddo_rus_26
a300,zyx_cc_ddo_rus_26
a300A,zyx_cc_ddo_rus_26
a300A,zyx_cc_ddo_rus_26
a300A,zyx_cc_ddo_rus_26
a300A,zyx_cc_ddo_rus_26
a300A,zyx_cc_ddo_rus_26
a300A,zyx_cc_ddo_rus_26
a875,zyx_cc_ddo_rus_28
a875,zyx_cc_ddo_rus_28
a875,zyx_cc_ddo_rus_28
a875E,zyx_cc_ddo_rus_28
a875E,zyx_cc_ddo_rus_28
a875E,zyx_cc_ddo_rus_28
aTMJ1545_4,zyx_cc_ddo_rus_28
aTMJ1545_4,zyx_cc_ddo_rus_28
a875,zyx_cc_ddo_rus_28
a613,zyx_cr_ddo_rus_3
a613,zyx_cr_ddo_rus_3
a613,zyx_cr_ddo_rus_3
a613,zyx_cr_ddo_rus_3
a613,zyx_cr_ddo_rus_3
a613,zyx_cr_ddo_rus_3
a613,zyx_cr_ddo_rus_3
a613,zyx_cr_ddo_rus_3
a613,zyx_cr_ddo_rus_3
a613,zyx_cr_ddo_rus_3
a613,zyx_cr_ddo_rus_3
a56A,zyx_cc_ddo_rus_33
a56A,zyx_cc_ddo_rus_33
a56A,zyx_cc_ddo_rus_33
a56A,zyx_cc_ddo_rus_33
a327,zyx_cc_ddo_rus_34
a327,zyx_cc_ddo_rus_34
a327,zyx_cc_ddo_rus_34
a313,zyx_cc_ddo_rus_34
a327,zyx_cc_ddo_rus_34
a1560,zyx_cc_ddo_rus_37
a301,zyx_cc_ddo_rus_4
a301,zyx_cc_ddo_rus_4
a301,zyx_cc_ddo_rus_4
a301,zyx_cc_ddo_rus_4
a301,zyx_cc_ddo_rus_4
a301,zyx_cc_ddo_rus_4
a301,zyx_cc_ddo_rus_4
a301,zyx_cc_ddo_rus_4
a301,zyx_cc_ddo_rus_4
a301,zyx_cc_ddo_rus_4
a301,zyx_cc_ddo_rus_4
a301,zyx_cc_ddo_rus_4
a301,zyx_cc_ddo_rus_4
a930,zyx_cc_ddo_rus_40
a930,zyx_cc_ddo_rus_40
a613,zyx_cddo_rus_42
a613,zyx_cddo_rus_42
a613,zyx_cddo_rus_42
a613,zyx_cddo_rus_42
a613,zyx_cddo_rus_42
a613,zyx_cddo_rus_42
a613,zyx_cddo_rus_42
a613,zyx_cddo_rus_42
a613,zyx_cddo_rus_42
a613,zyx_cddo_rus_42
a613,zyx_cddo_rus_42
a613,zyx_cddo_rus_42
a402,zyx_cc_ddo_rus_44
a402,zyx_cc_ddo_rus_44
a402,zyx_cc_ddo_rus_44
a402,zyx_cc_ddo_rus_44
a402,zyx_cc_ddo_rus_44
a402,zyx_cc_ddo_rus_44
a402,zyx_cc_ddo_rus_44
a402,zyx_cc_ddo_rus_44
a402,zyx_cc_ddo_rus_44
a402,zyx_cc_ddo_rus_44
a402,zyx_cc_ddo_rus_44
a471,zyx_cc_ddo_rus_44
a471,zyx_cc_ddo_rus_44
a471,zyx_cc_ddo_rus_44
a471,zyx_cc_ddo_rus_44
a471,zyx_cc_ddo_rus_44
a471,zyx_cc_ddo_rus_44
a471,zyx_cc_ddo_rus_44
a471,zyx_cc_ddo_rus_44
a402,zyx_cc_ddo_rus_44
a315A,zyx_cr_ddo_rus_46
a315A,zyx_cr_ddo_rus_46
a315A,zyx_cr_ddo_rus_46
a315A,zyx_cr_ddo_rus_46
a315A,zyx_cr_ddo_rus_46
a321,zyx_cr_ddo_rus_46
a315A,zyx_cr_ddo_rus_46
a315A,zyx_cr_ddo_rus_46
a315A,zyx_cr_ddo_rus_46
a315A,zyx_cr_ddo_rus_46
a321,zyx_cr_ddo_rus_46
a327B,zyx_cc_ddo_rus_47
a327B,zyx_cc_ddo_rus_47
a327B,zyx_cc_ddo_rus_47
a327B,zyx_cc_ddo_rus_47
a327B,zyx_cc_ddo_rus_47
a327B,zyx_cc_ddo_rus_47
a327B,zyx_cc_ddo_rus_47
a327B,zyx_cc_ddo_rus_47
a327B,zyx_cc_ddo_rus_47
a327B,zyx_cc_ddo_rus_47
a327B,zyx_cc_ddo_rus_47
a327B,zyx_cc_ddo_rus_47
a327B,zyx_cc_ddo_rus_47
a328,zyx_cc_ddo_rus_47
a328,zyx_cc_ddo_rus_47
a328,zyx_cc_ddo_rus_47
a328,zyx_cc_ddo_rus_47
a328,zyx_cc_ddo_rus_47
a328,zyx_cc_ddo_rus_47
a328,zyx_cc_ddo_rus_47
a328,zyx_cc_ddo_rus_47
a328,zyx_cc_ddo_rus_47
a328,zyx_cc_ddo_rus_47
a328,zyx_cc_ddo_rus_47
a328,zyx_cc_ddo_rus_47
a328,zyx_cc_ddo_rus_47
a301,zyx_cc_ddo_rus_48
a301,zyx_cc_ddo_rus_48
a301,zyx_cc_ddo_rus_48
a301,zyx_cc_ddo_rus_48
a301,zyx_cc_ddo_rus_48
a301,zyx_cc_ddo_rus_48
a301,zyx_cc_ddo_rus_48
a301,zyx_cc_ddo_rus_48
a301,zyx_cc_ddo_rus_48
a301,zyx_cc_ddo_rus_48
a301,zyx_cc_ddo_rus_48
a301,zyx_cc_ddo_rus_48
a327B,zyx_cc_ddo_rus_49
a327B,zyx_cc_ddo_rus_49
a327B,zyx_cc_ddo_rus_49
a327B,zyx_cc_ddo_rus_49
a327B,zyx_cc_ddo_rus_49
a327B,zyx_cc_ddo_rus_49
a327B,zyx_cc_ddo_rus_49
a327B,zyx_cc_ddo_rus_49
a327B,zyx_cc_ddo_rus_49
a327,zyx_cc_ddo_rus_49
a327,zyx_cc_ddo_rus_49
a327,zyx_cc_ddo_rus_49
a327,zyx_cc_ddo_rus_49
a327,zyx_cc_ddo_rus_49
a327,zyx_cc_ddo_rus_49
a655,zyx_cc_ddo_rus_5
a655,zyx_cc_ddo_rus_5
a655,zyx_cc_ddo_rus_5
a655,zyx_cc_ddo_rus_5
a655,zyx_cc_ddo_rus_5
a655,zyx_cc_ddo_rus_5
a655,zyx_cc_ddo_rus_5
a655,zyx_cc_ddo_rus_5
a655,zyx_cc_ddo_rus_5
a655,zyx_cc_ddo_rus_5
a655,zyx_cc_ddo_rus_5
a655,zyx_cc_ddo_rus_5
a655,zyx_cc_ddo_rus_5
a655,zyx_cc_ddo_rus_5
a655,zyx_cc_ddo_rus_5
a655,zyx_cc_ddo_rus_5
a655,zyx_cc_ddo_rus_5
a655,zyx_cc_ddo_rus_5
a655,zyx_cc_ddo_rus_5
a655,zyx_cc_ddo_rus_5
a976,zyx_cc_ddo_rus_5
a655,zyx_cc_ddo_rus_5
a222,zyx_cc_ddo_rus_54
a222,zyx_cc_ddo_rus_54
a222,zyx_cc_ddo_rus_54
a537,zyx_cc_ddo_rus_54
a537,zyx_cc_ddo_rus_54
a537,zyx_cc_ddo_rus_54
a537,zyx_cc_ddo_rus_54
a537,zyx_cc_ddo_rus_54
a537,zyx_cc_ddo_rus_54
a537,zyx_cc_ddo_rus_54
a650A,zyx_cc_ddo_rus_55
a650A,zyx_cc_ddo_rus_55
a650A,zyx_cc_ddo_rus_55
a300,zyx_cc_ddo_rus_55
a300,zyx_cc_ddo_rus_55
a300,zyx_cc_ddo_rus_55
a300,zyx_cc_ddo_rus_55
a300,zyx_cc_ddo_rus_55
a300,zyx_cc_ddo_rus_55
a300,zyx_cc_ddo_rus_55
a560,zyx_cc_ddo_rus_57
a560,zyx_cc_ddo_rus_57
a560,zyx_cc_ddo_rus_57
a560,zyx_cc_ddo_rus_57
a560,zyx_cc_ddo_rus_57
a560,zyx_cc_ddo_rus_57
a560,zyx_cc_ddo_rus_57
a560,zyx_cc_ddo_rus_57
a560,zyx_cc_ddo_rus_57
a560,zyx_cc_ddo_rus_57
a537,zyx_cc_ddo_rus_59
a537,zyx_cc_ddo_rus_59
a537,zyx_cc_ddo_rus_59
a537,zyx_cc_ddo_rus_59
a537,zyx_cc_ddo_rus_59
a537,zyx_cc_ddo_rus_59
a537,zyx_cc_ddo_rus_59
a537,zyx_cc_ddo_rus_59
a327A,zyx_cc_ddo_rus_59
a327A,zyx_cc_ddo_rus_59
a327A,zyx_cc_ddo_rus_59
a327A,zyx_cc_ddo_rus_59
a537,zyx_cc_ddo_rus_59
a654,zyx_cr_ddo_rus_6
a654,zyx_cr_ddo_rus_6
a654,zyx_cr_ddo_rus_6
a654,zyx_cr_ddo_rus_6
a654,zyx_cr_ddo_rus_6
a654,zyx_cr_ddo_rus_6
a654,zyx_cr_ddo_rus_6
a654,zyx_cr_ddo_rus_6
a654,zyx_cr_ddo_rus_6
a303,zyx_cc_ddo_rus_60
a303,zyx_cc_ddo_rus_60
a303,zyx_cc_ddo_rus_60
a303,zyx_cc_ddo_rus_60
a303,zyx_cc_ddo_rus_60
a303,zyx_cc_ddo_rus_60
a303,zyx_cc_ddo_rus_60
a327A,zyx_cc_ddo_rus_60
a327A,zyx_cc_ddo_rus_60
a303,zyx_cc_ddo_rus_60
a303,zyx_cc_ddo_rus_60
a303,zyx_cc_ddo_rus_60
a303,zyx_cc_ddo_rus_60
a303,zyx_cc_ddo_rus_60
a303,zyx_cc_ddo_rus_60
a303,zyx_cc_ddo_rus_60
a545B,zyx_cc_ddo_rus_61
a545B,zyx_cc_ddo_rus_61
a545B,zyx_cc_ddo_rus_61
a545B,zyx_cc_ddo_rus_61
a545B,zyx_cc_ddo_rus_61
a545B,zyx_cc_ddo_rus_61
a545B,zyx_cc_ddo_rus_61
a545B,zyx_cc_ddo_rus_61
a545B,zyx_cc_ddo_rus_61
a325,zyx_cr_ddo_rus_64
a325,zyx_cr_ddo_rus_64
a325,zyx_cr_ddo_rus_64
a325,zyx_cr_ddo_rus_64
a325,zyx_cr_ddo_rus_64
a613,zyx_cc_ddo_rus_66
a613,zyx_cc_ddo_rus_66
a613,zyx_cc_ddo_rus_66
a613,zyx_cc_ddo_rus_66
a613,zyx_cc_ddo_rus_66
a613,zyx_cc_ddo_rus_66
a613,zyx_cc_ddo_rus_66
a613,zyx_cc_ddo_rus_66
a613,zyx_cc_ddo_rus_66
a613,zyx_cc_ddo_rus_66
a613,zyx_cc_ddo_rus_66
a613,zyx_cc_ddo_rus_66
a560,zyx_cc_ddo_rus_69
a560,zyx_cc_ddo_rus_69
a560,zyx_cc_ddo_rus_69
a560,zyx_cc_ddo_rus_69
a560,zyx_cc_ddo_rus_69
a560,zyx_cc_ddo_rus_69
a560,zyx_cc_ddo_rus_69
a560,zyx_cc_ddo_rus_69
a560,zyx_cc_ddo_rus_69
a560,zyx_cc_ddo_rus_69
a325,zyx_cc_ddo_rus_71
a325,zyx_cc_ddo_rus_71
a325,zyx_cc_ddo_rus_71
a325,zyx_cc_ddo_rus_71
a325,zyx_cc_ddo_rus_71
a325,zyx_cc_ddo_rus_71
a325,zyx_cc_ddo_rus_71
a325,zyx_cc_ddo_rus_71
a325,zyx_cc_ddo_rus_71
a325,zyx_cc_ddo_rus_71
a325,zyx_cc_ddo_rus_71
a530,zyx_cc_ddo_rus_72
a530,zyx_cc_ddo_rus_72
a530,zyx_cc_ddo_rus_72
a530,zyx_cc_ddo_rus_72
a530,zyx_cc_ddo_rus_72
a530,zyx_cc_ddo_rus_72
a530,zyx_cc_ddo_rus_72
a530,zyx_cc_ddo_rus_72
a530,zyx_cc_ddo_rus_72
a530,zyx_cc_ddo_rus_72
a530,zyx_cc_ddo_rus_72
a530,zyx_cc_ddo_rus_72
a530,zyx_cc_ddo_rus_72
a550,zyx_cc_ddo_rus_72
a300,zyx_cc_ddo_rus_72
a300,zyx_cc_ddo_rus_72
a300,zyx_cc_ddo_rus_72
a300,zyx_cc_ddo_rus_72
a300,zyx_cc_ddo_rus_72
a300,zyx_cc_ddo_rus_72
a300,zyx_cc_ddo_rus_72
a300,zyx_cc_ddo_rus_72
a530,zyx_cc_ddo_rus_72
a875,zyx_cc_ddo_rus_74
a875,zyx_cc_ddo_rus_74
a875,zyx_cc_ddo_rus_74
a875,zyx_cc_ddo_rus_74
a875,zyx_cc_ddo_rus_74
a875,zyx_cc_ddo_rus_74
a875,zyx_cc_ddo_rus_74
a875,zyx_cc_ddo_rus_74
a875,zyx_cc_ddo_rus_74
a875,zyx_cc_ddo_rus_74
a875,zyx_cc_ddo_rus_74
a875,zyx_cc_ddo_rus_74
aTMJ1545_4,zyx_cc_ddo_rus_74
aTMJ1545_4,zyx_cc_ddo_rus_74
a312D,zyx_cc_ddo_rus_76
a312D,zyx_cc_ddo_rus_76
a312D,zyx_cc_ddo_rus_76
a312D,zyx_cc_ddo_rus_76
a563,zyx_cc_ddo_rus_76
a563,zyx_cc_ddo_rus_76
a312D,zyx_cc_ddo_rus_76
a312D,zyx_cc_ddo_rus_76
a312D,zyx_cc_ddo_rus_76
a312D,zyx_cc_ddo_rus_76
a516,zyx_cc_ddo_rus_76
a516,zyx_cc_ddo_rus_76
a516,zyx_cc_ddo_rus_76
a516,zyx_cc_ddo_rus_76
a516,zyx_cc_ddo_rus_76
a516,zyx_cc_ddo_rus_76
a516,zyx_cc_ddo_rus_76
a516,zyx_cc_ddo_rus_76
a516,zyx_cc_ddo_rus_76
a516,zyx_cc_ddo_rus_76
a516,zyx_cc_ddo_rus_76
a516,zyx_cc_ddo_rus_76
a516,zyx_cc_ddo_rus_76
a516,zyx_cc_ddo_rus_76
a516,zyx_cc_ddo_rus_76
a516,zyx_cc_ddo_rus_76
a516,zyx_cc_ddo_rus_76
a516,zyx_cc_ddo_rus_76
a516,zyx_cc_ddo_rus_76
a950,zyx_cc_ddo_rus_77
a950,zyx_cc_ddo_rus_77
a950,zyx_cc_ddo_rus_77
a950,zyx_cc_ddo_rus_77
a950,zyx_cc_ddo_rus_77
a950,zyx_cc_ddo_rus_77
a950,zyx_cc_ddo_rus_77
a950,zyx_cc_ddo_rus_77
a950,zyx_cc_ddo_rus_77
a950,zyx_cc_ddo_rus_77
a950,zyx_cc_ddo_rus_77
a950,zyx_cc_ddo_rus_77
a950,zyx_cc_ddo_rus_77
a707,zyx_cc_ddo_rus_78
a707,zyx_cc_ddo_rus_78
a707,zyx_cc_ddo_rus_78
a707,zyx_cc_ddo_rus_78
a707,zyx_cc_ddo_rus_78
a707,zyx_cc_ddo_rus_78
a707,zyx_cc_ddo_rus_78
a707,zyx_cc_ddo_rus_78
a707,zyx_cc_ddo_rus_78
a707,zyx_cc_ddo_rus_78
a707,zyx_cc_ddo_rus_78
a707,zyx_cc_ddo_rus_78
a707,zyx_cc_ddo_rus_78
a707,zyx_cc_ddo_rus_78
a707,zyx_cc_ddo_rus_78
a707,zyx_cc_ddo_rus_78
a707,zyx_cc_ddo_rus_78
a707,zyx_cc_ddo_rus_78
a707,zyx_cc_ddo_rus_78
a707,zyx_cc_ddo_rus_78
a707,zyx_cc_ddo_rus_78
a707,zyx_cc_ddo_rus_78
a707,zyx_cc_ddo_rus_78
a707,zyx_cc_ddo_rus_78
a707,zyx_cc_ddo_rus_78
a707,zyx_cc_ddo_rus_78
a707,zyx_cc_ddo_rus_78
a707,zyx_cc_ddo_rus_78
a707,zyx_cc_ddo_rus_78
a707,zyx_cc_ddo_rus_78
a707,zyx_cc_ddo_rus_78
a707,zyx_cc_ddo_rus_78
a707,zyx_cc_ddo_rus_78
a707,zyx_cc_ddo_rus_78
a707,zyx_cc_ddo_rus_78
a707,zyx_cc_ddo_rus_78
a707,zyx_cc_ddo_rus_78
a707,zyx_cc_ddo_rus_78
a707,zyx_cc_ddo_rus_78
a707,zyx_cc_ddo_rus_78
a707,zyx_cc_ddo_rus_78
a707,zyx_cc_ddo_rus_78
a707,zyx_cc_ddo_rus_78
a707,zyx_cc_ddo_rus_78
a707,zyx_cc_ddo_rus_78
a707,zyx_cc_ddo_rus_78
a707,zyx_cc_ddo_rus_78
a707,zyx_cc_ddo_rus_78
a707,zyx_cc_ddo_rus_78
a707,zyx_cc_ddo_rus_78
a707,zyx_cc_ddo_rus_78
a707,zyx_cc_ddo_rus_78
a707,zyx_cc_ddo_rus_78
a707,zyx_cc_ddo_rus_78
a707,zyx_cc_ddo_rus_78
a707,zyx_cc_ddo_rus_78
a707,zyx_cc_ddo_rus_78
a707,zyx_cc_ddo_rus_78
a613,zyx_cr_ddo_rus_8
a613,zyx_cr_ddo_rus_8
a613,zyx_cr_ddo_rus_8
a613,zyx_cr_ddo_rus_8
a613,zyx_cr_ddo_rus_8
a613,zyx_cr_ddo_rus_8
a613,zyx_cr_ddo_rus_8
a613,zyx_cr_ddo_rus_8
a613,zyx_cr_ddo_rus_8
a613,zyx_cr_ddo_rus_8
a613,zyx_cr_ddo_rus_8
a613,zyx_cr_ddo_rus_8
a854,zyx_cc_ddo_rus_82
a854,zyx_cc_ddo_rus_82
a854,zyx_cc_ddo_rus_82
a854,zyx_cc_ddo_rus_82
a854,zyx_cc_ddo_rus_82
a854,zyx_cc_ddo_rus_82
a854,zyx_cc_ddo_rus_82
a854,zyx_cc_ddo_rus_82
a854,zyx_cc_ddo_rus_82
a1313A,zyx_cc_ddo_rus_83
a531,zyx_cc_ddo_rus_87
a531,zyx_cc_ddo_rus_87
a531,zyx_cc_ddo_rus_87
a531,zyx_cc_ddo_rus_87
a531,zyx_cc_ddo_rus_87
a531,zyx_cc_ddo_rus_87
a531,zyx_cc_ddo_rus_87
a531,zyx_cc_ddo_rus_87
a531,zyx_cc_ddo_rus_87
a531,zyx_cc_ddo_rus_87
a531,zyx_cc_ddo_rus_87
a531,zyx_cc_ddo_rus_87
a531,zyx_cc_ddo_rus_87
a531,zyx_cc_ddo_rus_87
a531,zyx_cc_ddo_rus_87
a531,zyx_cc_ddo_rus_87
a531,zyx_cc_ddo_rus_87
a329,zyx_cc_ddo_rus_87
a329,zyx_cc_ddo_rus_87
a329,zyx_cc_ddo_rus_87
a329,zyx_cc_ddo_rus_87
a329,zyx_cc_ddo_rus_87
a329,zyx_cc_ddo_rus_87
a329,zyx_cc_ddo_rus_87
a329,zyx_cc_ddo_rus_87
a329,zyx_cc_ddo_rus_87
a329,zyx_cc_ddo_rus_87
a329,zyx_cc_ddo_rus_87
a329,zyx_cc_ddo_rus_87
a329,zyx_cc_ddo_rus_87
a329,zyx_cc_ddo_rus_87
a329,zyx_cc_ddo_rus_87
a550,zyx_cc_ddo_rus_88
a550,zyx_cc_ddo_rus_88
a550,zyx_cc_ddo_rus_88
a550,zyx_cc_ddo_rus_88
a550,zyx_cc_ddo_rus_88
a550,zyx_cc_ddo_rus_88
a550,zyx_cc_ddo_rus_88
a550,zyx_cc_ddo_rus_88
a550,zyx_cc_ddo_rus_88
a550,zyx_cc_ddo_rus_88
a563,zyx_cc_ddo_rus_90
a563,zyx_cc_ddo_rus_90
a563,zyx_cc_ddo_rus_90
a563,zyx_cc_ddo_rus_90
a563,zyx_cc_ddo_rus_90
a563,zyx_cc_ddo_rus_90
a563,zyx_cc_ddo_rus_90
a563,zyx_cc_ddo_rus_90
a563,zyx_cc_ddo_rus_90
a563,zyx_cc_ddo_rus_90
a563,zyx_cc_ddo_rus_90
a563,zyx_cc_ddo_rus_90
a563,zyx_cc_ddo_rus_90
a517,zyx_cc_ddo_rus_91
a517,zyx_cc_ddo_rus_91
a312D,zyx_cc_ddo_rus_92
a312D,zyx_cc_ddo_rus_92
a312D,zyx_cc_ddo_rus_92
a312D,zyx_cc_ddo_rus_92
a312D,zyx_cc_ddo_rus_92
a312D,zyx_cc_ddo_rus_92
a312D,zyx_cc_ddo_rus_92
a312D,zyx_cc_ddo_rus_92
a312D,zyx_cc_ddo_rus_92
a312D,zyx_cc_ddo_rus_92
a530,zyx_cc_ddo_rus_94
a530,zyx_cc_ddo_rus_94
a530,zyx_cc_ddo_rus_94
a530,zyx_cc_ddo_rus_94
a530,zyx_cc_ddo_rus_94
a530,zyx_cc_ddo_rus_94
a530,zyx_cc_ddo_rus_94
a530,zyx_cc_ddo_rus_94
a530,zyx_cc_ddo_rus_94
a530,zyx_cc_ddo_rus_94
a530,zyx_cc_ddo_rus_94
a530,zyx_cc_ddo_rus_94
a530,zyx_cc_ddo_rus_94
a530,zyx_cc_ddo_rus_94
a530,zyx_cc_ddo_rus_94
a530,zyx_cc_ddo_rus_94
a530,zyx_cc_ddo_rus_94
a530,zyx_cc_ddo_rus_94
a530,zyx_cc_ddo_rus_94
a530,zyx_cc_ddo_rus_94
a530,zyx_cc_ddo_rus_94
a530,zyx_cc_ddo_rus_94
a327C,zyx_cr_khv_rus_10
a327C,zyx_cr_khv_rus_10
a327C,zyx_cr_khv_rus_10
a327C,zyx_cr_khv_rus_10
a327C,zyx_cr_khv_rus_10
a327C,zyx_cr_khv_rus_10
a327C,zyx_cr_khv_rus_10
a327C,zyx_cr_khv_rus_10
a327C,zyx_cr_khv_rus_10
a327C,zyx_cr_khv_rus_10
a327C,zyx_cr_khv_rus_10
a327C,zyx_cr_khv_rus_10
a327C,zyx_cr_khv_rus_10
a327C,zyx_cr_khv_rus_10
a560,zyx_cr_khv_rus_11
a560,zyx_cr_khv_rus_11
a560,zyx_cr_khv_rus_11
a560,zyx_cr_khv_rus_11
a560,zyx_cr_khv_rus_11
a560,zyx_cr_khv_rus_11
a560,zyx_cr_khv_rus_11
a560,zyx_cr_khv_rus_11
a560,zyx_cr_khv_rus_11
a560,zyx_cr_khv_rus_11
a560,zyx_cr_khv_rus_11
a560,zyx_cr_khv_rus_11
a560,zyx_cr_khv_rus_11
a560,zyx_cr_khv_rus_11
a560,zyx_cr_khv_rus_11
a560,zyx_cr_khv_rus_11
a560,zyx_cr_khv_rus_11
a560,zyx_cr_khv_rus_11
a560,zyx_cr_khv_rus_11
a560,zyx_cr_khv_rus_11
a325,zyx_cr_khv_rus_16
a325,zyx_cr_khv_rus_16
a325,zyx_cr_khv_rus_16
a325,zyx_cr_khv_rus_16
a325,zyx_cr_khv_rus_16
a325,zyx_cr_khv_rus_16
a325,zyx_cr_khv_rus_16
a325,zyx_cr_khv_rus_16
a325,zyx_cr_khv_rus_16
a325,zyx_cr_khv_rus_16
a325,zyx_cr_khv_rus_16
a325,zyx_cr_khv_rus_16
a325,zyx_cr_khv_rus_16
a650A,zyx_cr_khv_rus_17
a650A,zyx_cr_khv_rus_17
a650A,zyx_cr_khv_rus_17
a650A,zyx_cr_khv_rus_17
a650A,zyx_cr_khv_rus_17
a650A,zyx_cr_khv_rus_17
a301,zyx_cr_khv_rus_17
a301,zyx_cr_khv_rus_17
a301,zyx_cr_khv_rus_17
a301,zyx_cr_khv_rus_17
a301,zyx_cr_khv_rus_17
a301,zyx_cr_khv_rus_17
a301,zyx_cr_khv_rus_17
a301,zyx_cr_khv_rus_17
a301,zyx_cr_khv_rus_17
a301,zyx_cr_khv_rus_17
a301,zyx_cr_khv_rus_17
a301,zyx_cr_khv_rus_17
a301,zyx_cr_khv_rus_17
a301,zyx_cr_khv_rus_17
a301,zyx_cr_khv_rus_17
a301,zyx_cr_khv_rus_17
a301,zyx_cr_khv_rus_17
a301,zyx_cr_khv_rus_17
a301,zyx_cr_khv_rus_17
a301,zyx_cr_khv_rus_17
a301,zyx_cr_khv_rus_17
a300,zyx_cr_khv_rus_17
a300,zyx_cr_khv_rus_17
a300,zyx_cr_khv_rus_17
a300,zyx_cr_khv_rus_17
a300,zyx_cr_khv_rus_17
a300,zyx_cr_khv_rus_17
a300,zyx_cr_khv_rus_17
a300,zyx_cr_khv_rus_17
a300,zyx_cr_khv_rus_17
a300,zyx_cr_khv_rus_17
a300,zyx_cr_khv_rus_17
a300,zyx_cr_khv_rus_17
a301,zyx_cr_khv_rus_17
a301,zyx_cr_khv_rus_17
a301,zyx_cr_khv_rus_17
a301,zyx_cr_khv_rus_17
a1920H,zyx_cr_khv_rus_2
anh355,zyx_cr_khv_rus_25
anh355,zyx_cr_khv_rus_25
anh355,zyx_cr_khv_rus_25
a715,zyx_cr_khv_rus_26
a715,zyx_cr_khv_rus_26
a715,zyx_cr_khv_rus_26
a715,zyx_cr_khv_rus_26
a715,zyx_cr_khv_rus_26
a715,zyx_cr_khv_rus_26
a715,zyx_cr_khv_rus_26
a715,zyx_cr_khv_rus_26
anh391,zyx_cr_khv_rus_30
anh391,zyx_cr_khv_rus_30
anh391,zyx_cr_khv_rus_30
anh391,zyx_cr_khv_rus_30
anh391,zyx_cr_khv_rus_30
anh248,zyx_cr_khv_rus_32
anh248,zyx_cr_khv_rus_32
anh248,zyx_cr_khv_rus_33
anh248,zyx_cr_khv_rus_33
anh248,zyx_cr_khv_rus_33
anh248,zyx_cr_khv_rus_33
a1592B,zyx_cr_khv_rus_37
a1592B,zyx_cr_khv_rus_37
a1592B,zyx_cr_khv_rus_37
a315A,zyx_cr_khv_rus_4
a315A,zyx_cr_khv_rus_4
a315A,zyx_cr_khv_rus_4
a314A,zyx_cr_khv_rus_4
a314A,zyx_cr_khv_rus_4
a314A,zyx_cr_khv_rus_4
a314A,zyx_cr_khv_rus_4
a314A,zyx_cr_khv_rus_4
a314A,zyx_cr_khv_rus_4
a314A,zyx_cr_khv_rus_4
a314A,zyx_cr_khv_rus_4
a315A,zyx_cr_khv_rus_4
a315A,zyx_cr_khv_rus_4
anh483,zyx_cr_khv_rus_47
anh483,zyx_cr_khv_rus_47
anh483,zyx_cr_khv_rus_47
a2031C,zyx_cr_khv_rus_59
a2031C,zyx_cr_khv_rus_59
a2031C,zyx_cr_khv_rus_59
a2031C,zyx_cr_khv_rus_59
a2031C,zyx_cr_khv_rus_59
a2031C,zyx_cr_khv_rus_59
a318,zyx_cr_khv_rus_6
a318,zyx_cr_khv_rus_6
a318,zyx_cr_khv_rus_6
a318,zyx_cr_khv_rus_6
a318,zyx_cr_khv_rus_6
a318,zyx_cr_khv_rus_6
a318,zyx_cr_khv_rus_6
a318,zyx_cr_khv_rus_6
a318,zyx_cr_khv_rus_6
a318,zyx_cr_khv_rus_6
a318,zyx_cr_khv_rus_6
a318,zyx_cr_khv_rus_6
a318,zyx_cr_khv_rus_6
a318,zyx_cr_khv_rus_6
a318,zyx_cr_khv_rus_6
a318,zyx_cr_khv_rus_6
a318,zyx_cr_khv_rus_6
a318,zyx_cr_khv_rus_6
a318,zyx_cr_khv_rus_6
anh313,zyx_cr_khv_rus_61
anh313,zyx_cr_khv_rus_61
a312D,zyx_cr_khv_rus_7
a312D,zyx_cr_khv_rus_7
a312D,zyx_cr_khv_rus_7
a312D,zyx_cr_khv_rus_7
a312D,zyx_cr_khv_rus_7
a513A,zyx_cr_khv_rus_7
a513A,zyx_cr_khv_rus_7
a513A,zyx_cr_khv_rus_7
a513A,zyx_cr_khv_rus_7
a513A,zyx_cr_khv_rus_7
a513A,zyx_cr_khv_rus_7
a513A,zyx_cr_khv_rus_7
a513A,zyx_cr_khv_rus_7
a513A,zyx_cr_khv_rus_7
a513A,zyx_cr_khv_rus_7
a513A,zyx_cr_khv_rus_7
a513A,zyx_cr_khv_rus_7
a513A,zyx_cr_khv_rus_7
a312D,zyx_cr_khv_rus_7
a613,zyx_cr_khv_rus_7
a613,zyx_cr_khv_rus_7
a613,zyx_cr_khv_rus_7
a312D,zyx_cr_khv_rus_7
a312D,zyx_cr_khv_rus_7
aTMJ1545_4,zyx_cr_khv_rus_78
aTMJ1545_4,zyx_cr_khv_rus_78
a530,zyx_cr_khv_rus_9
a530,zyx_cr_khv_rus_9
a530,zyx_cr_khv_rus_9
a530,zyx_cr_khv_rus_9
a530,zyx_cr_khv_rus_9
a530,zyx_cr_khv_rus_9
a530,zyx_cr_khv_rus_9
a530,zyx_cr_khv_rus_9
a530,zyx_cr_khv_rus_9
a530,zyx_cr_khv_rus_9
a530,zyx_cr_khv_rus_9
a530,zyx_cr_khv_rus_9
a530,zyx_cr_khv_rus_9
a530,zyx_cr_khv_rus_9
a530,zyx_cr_khv_rus_9
a530,zyx_cr_khv_rus_9
a530,zyx_cr_khv_rus_9
a530,zyx_cr_khv_rus_9
a530,zyx_cr_khv_rus_9
a530,zyx_cr_khv_rus_9
a530,zyx_cr_khv_rus_9
a530,zyx_cr_khv_rus_9
a550,zyx_cr_khv_rus_9
a550,zyx_cr_khv_rus_9
a550,zyx_cr_khv_rus_9
a550,zyx_cr_khv_rus_9
aEu,zyx_cr_khv_rus_9
a1775,zyx_cr_khv_rus_94
a650A,zyx_cr_kum_rus_1
a650A,zyx_cr_kum_rus_1
a650A,zyx_cr_kum_rus_1
a650A,zyx_cr_kum_rus_1
a650A,zyx_cr_kum_rus_1
a650A,zyx_cr_kum_rus_1
a650A,zyx_cr_kum_rus_1
a650A,zyx_cr_kum_rus_1
a650A,zyx_cr_kum_rus_1
a650A,zyx_cr_kum_rus_1
a650A,zyx_cr_kum_rus_1
a650A,zyx_cr_kum_rus_1
a650A,zyx_cr_kum_rus_1
a467Kau,zyx_cr_kum_rus_1
a467Kau,zyx_cr_kum_rus_1
a650A,zyx_cr_kum_rus_1
a650A,zyx_cr_kum_rus_1
a467Kau,zyx_cr_kum_rus_1
a467Kau,zyx_cr_kum_rus_1
a467Kau,zyx_cr_kum_rus_1
a304,zyx_cr_kum_rus_1
a304,zyx_cr_kum_rus_1
a304,zyx_cr_kum_rus_1
a304,zyx_cr_kum_rus_1
a304,zyx_cr_kum_rus_1
a304,zyx_cr_kum_rus_1
a304,zyx_cr_kum_rus_1
a304,zyx_cr_kum_rus_1
a921F*,zyx_cr_kum_rus_11
a921F*,zyx_cr_kum_rus_11
a921F*,zyx_cr_kum_rus_11
a921F*,zyx_cr_kum_rus_11
a910,zyx_cr_kum_rus_14
a910,zyx_cr_kum_rus_14
a910,zyx_cr_kum_rus_14
a910,zyx_cr_kum_rus_14
a910,zyx_cr_kum_rus_14
a910,zyx_cr_kum_rus_14
a910,zyx_cr_kum_rus_14
a910,zyx_cr_kum_rus_14
a910,zyx_cr_kum_rus_14
a910,zyx_cr_kum_rus_14
a910,zyx_cr_kum_rus_14
a910,zyx_cr_kum_rus_14
a910,zyx_cr_kum_rus_14
a910,zyx_cr_kum_rus_14
a910,zyx_cr_kum_rus_14
a910,zyx_cr_kum_rus_14
a890,zyx_cr_kum_rus_14
a890,zyx_cr_kum_rus_14
a890,zyx_cr_kum_rus_14
a1641,zyx_cr_kum_rus_15
a1641,zyx_cr_kum_rus_15
a1641,zyx_cr_kum_rus_15
a1641,zyx_cr_kum_rus_15
a517,zyx_cr_kum_rus_16
a517,zyx_cr_kum_rus_16
a517,zyx_cr_kum_rus_16
a707,zyx_cr_kum_rus_16
a707,zyx_cr_kum_rus_16
a707,zyx_cr_kum_rus_16
a707,zyx_cr_kum_rus_16
a707,zyx_cr_kum_rus_16
a707,zyx_cr_kum_rus_16
a707,zyx_cr_kum_rus_16
a517,zyx_cr_kum_rus_16
a517,zyx_cr_kum_rus_16
aE2,zyx_cr_kum_rus_16
aE2,zyx_cr_kum_rus_16
aE2,zyx_cr_kum_rus_16
aE2,zyx_cr_kum_rus_16
aE2,zyx_cr_kum_rus_16
aE2,zyx_cr_kum_rus_16
aE2,zyx_cr_kum_rus_16
a314,zyx_cr_kum_rus_2
a314,zyx_cr_kum_rus_2
a314,zyx_cr_kum_rus_2
a314,zyx_cr_kum_rus_2
a314,zyx_cr_kum_rus_2
a314,zyx_cr_kum_rus_2
a314,zyx_cr_kum_rus_2
a314,zyx_cr_kum_rus_2
a314,zyx_cr_kum_rus_2
a514**,zyx_cr_kum_rus_2
a514**,zyx_cr_kum_rus_2
a514**,zyx_cr_kum_rus_2
a514**,zyx_cr_kum_rus_2
a514**,zyx_cr_kum_rus_2
a514**,zyx_cr_kum_rus_2
a514**,zyx_cr_kum_rus_2
a514**,zyx_cr_kum_rus_2
a514**,zyx_cr_kum_rus_2
a706,zyx_cr_kum_rus_2
a706,zyx_cr_kum_rus_2
a706,zyx_cr_kum_rus_2
a706,zyx_cr_kum_rus_2
a706,zyx_cr_kum_rus_2
a706,zyx_cr_kum_rus_2
a706,zyx_cr_kum_rus_2
a706,zyx_cr_kum_rus_2
a706,zyx_cr_kum_rus_2
a706,zyx_cr_kum_rus_2
a1730,zyx_cr_kum_rus_20
a1730,zyx_cr_kum_rus_20
a1730,zyx_cr_kum_rus_20
a1730,zyx_cr_kum_rus_20
a1730,zyx_cr_kum_rus_20
a1730,zyx_cr_kum_rus_20
a1730,zyx_cr_kum_rus_20
a1730,zyx_cr_kum_rus_20
a1730,zyx_cr_kum_rus_20
a1730,zyx_cr_kum_rus_20
a1730,zyx_cr_kum_rus_20
a1730,zyx_cr_kum_rus_20
a1730,zyx_cr_kum_rus_20
a1730,zyx_cr_kum_rus_20
a1730,zyx_cr_kum_rus_20
a1730,zyx_cr_kum_rus_20
a1730,zyx_cr_kum_rus_20
a1730,zyx_cr_kum_rus_21
a1730,zyx_cr_kum_rus_21
a1730,zyx_cr_kum_rus_21
a1730,zyx_cr_kum_rus_21
a1730,zyx_cr_kum_rus_21
a1730,zyx_cr_kum_rus_21
a1730,zyx_cr_kum_rus_21
a1730,zyx_cr_kum_rus_21
a1730,zyx_cr_kum_rus_21
a1730,zyx_cr_kum_rus_21
a706,zyx_cr_kum_rus_22
a706,zyx_cr_kum_rus_22
a706,zyx_cr_kum_rus_22
a706,zyx_cr_kum_rus_22
a706,zyx_cr_kum_rus_22
a706,zyx_cr_kum_rus_22
a706,zyx_cr_kum_rus_22
a706,zyx_cr_kum_rus_22
a706,zyx_cr_kum_rus_22
a706,zyx_cr_kum_rus_22
a706,zyx_cr_kum_rus_22
a706,zyx_cr_kum_rus_22
a706,zyx_cr_kum_rus_22
a706,zyx_cr_kum_rus_22
a706,zyx_cr_kum_rus_22
a706,zyx_cr_kum_rus_22
a706,zyx_cr_kum_rus_22
a706,zyx_cr_kum_rus_22
a706,zyx_cr_kum_rus_22
a706,zyx_cr_kum_rus_22
a460A,zyx_cr_kum_rus_24
a460A,zyx_cr_kum_rus_24
a460A,zyx_cr_kum_rus_24
a460A,zyx_cr_kum_rus_24
a460A,zyx_cr_kum_rus_24
a460A,zyx_cr_kum_rus_24
a460A,zyx_cr_kum_rus_24
a460A,zyx_cr_kum_rus_24
a1539,zyx_cr_kum_rus_27
a1539,zyx_cr_kum_rus_27
a1539,zyx_cr_kum_rus_27
a1539,zyx_cr_kum_rus_27
a1539,zyx_cr_kum_rus_27
a1539,zyx_cr_kum_rus_27
a1539,zyx_cr_kum_rus_27
a1539,zyx_cr_kum_rus_27
a1539,zyx_cr_kum_rus_27
a1539,zyx_cr_kum_rus_27
a1539,zyx_cr_kum_rus_27
a1862B,zyx_cr_kum_rus_28
a1862B,zyx_cr_kum_rus_28
a1862B,zyx_cr_kum_rus_28
a1862B,zyx_cr_kum_rus_28
a1862B,zyx_cr_kum_rus_28
a1862B,zyx_cr_kum_rus_28
a1862B,zyx_cr_kum_rus_28
a1862B,zyx_cr_kum_rus_28
a1164,zyx_cr_kum_rus_28
a1164,zyx_cr_kum_rus_28
a1164,zyx_cr_kum_rus_28
a425A,zyx_cr_kum_rus_3
a425A,zyx_cr_kum_rus_3
a425A,zyx_cr_kum_rus_3
a425A,zyx_cr_kum_rus_3
a425A,zyx_cr_kum_rus_3
a425A,zyx_cr_kum_rus_3
a425A,zyx_cr_kum_rus_3
a425A,zyx_cr_kum_rus_3
a425B,zyx_cr_kum_rus_3
a425B,zyx_cr_kum_rus_3
a425B,zyx_cr_kum_rus_3
a425B,zyx_cr_kum_rus_3
a425B,zyx_cr_kum_rus_3
a425B,zyx_cr_kum_rus_3
a425B,zyx_cr_kum_rus_3
a425B,zyx_cr_kum_rus_3
a425B,zyx_cr_kum_rus_3
a425B,zyx_cr_kum_rus_3
a425B,zyx_cr_kum_rus_3
a425B,zyx_cr_kum_rus_3
a425B,zyx_cr_kum_rus_3
a425B,zyx_cr_kum_rus_3
a425B,zyx_cr_kum_rus_3
a425B,zyx_cr_kum_rus_3
a313,zyx_cr_kum_rus_3
a313,zyx_cr_kum_rus_3
a313,zyx_cr_kum_rus_3
a313,zyx_cr_kum_rus_3
a313,zyx_cr_kum_rus_3
a425B,zyx_cr_kum_rus_3
a35B*,zyx_cr_kum_rus_31
a35B*,zyx_cr_kum_rus_31
a35B*,zyx_cr_kum_rus_31
a35B*,zyx_cr_kum_rus_31
a155,zyx_cr_kum_rus_34
a155,zyx_cr_kum_rus_34
a155,zyx_cr_kum_rus_34
a155,zyx_cr_kum_rus_34
a155,zyx_cr_kum_rus_34
a155,zyx_cr_kum_rus_34
a551,zyx_cr_kum_rus_35
a551,zyx_cr_kum_rus_35
a551,zyx_cr_kum_rus_35
a551,zyx_cr_kum_rus_35
a551,zyx_cr_kum_rus_35
a551,zyx_cr_kum_rus_35
a551,zyx_cr_kum_rus_35
a551,zyx_cr_kum_rus_35
a551,zyx_cr_kum_rus_35
a551,zyx_cr_kum_rus_35
a551,zyx_cr_kum_rus_35
a551,zyx_cr_kum_rus_35
a551,zyx_cr_kum_rus_35
a551,zyx_cr_kum_rus_35
a551,zyx_cr_kum_rus_35
a551,zyx_cr_kum_rus_35
a551,zyx_cr_kum_rus_35
a551,zyx_cr_kum_rus_35
a551,zyx_cr_kum_rus_35
a550,zyx_cr_kum_rus_36
a550,zyx_cr_kum_rus_36
a550,zyx_cr_kum_rus_36
a550,zyx_cr_kum_rus_36
a550,zyx_cr_kum_rus_36
a550,zyx_cr_kum_rus_36
a550,zyx_cr_kum_rus_36
a550,zyx_cr_kum_rus_36
a550,zyx_cr_kum_rus_36
a550,zyx_cr_kum_rus_36
a550,zyx_cr_kum_rus_36
a550,zyx_cr_kum_rus_36
a550,zyx_cr_kum_rus_36
a550,zyx_cr_kum_rus_36
a550,zyx_cr_kum_rus_36
a550,zyx_cr_kum_rus_36
a550,zyx_cr_kum_rus_36
a550,zyx_cr_kum_rus_36
a550,zyx_cr_kum_rus_36
a550,zyx_cr_kum_rus_36
a550,zyx_cr_kum_rus_36
a550,zyx_cr_kum_rus_36
a550,zyx_cr_kum_rus_36
a550,zyx_cr_kum_rus_36
a550,zyx_cr_kum_rus_36
a531,zyx_cr_kum_rus_37
a531,zyx_cr_kum_rus_37
a531,zyx_cr_kum_rus_37
a531,zyx_cr_kum_rus_37
a531,zyx_cr_kum_rus_37
a531,zyx_cr_kum_rus_37
a531,zyx_cr_kum_rus_37
a531,zyx_cr_kum_rus_37
a531,zyx_cr_kum_rus_37
a531,zyx_cr_kum_rus_37
a513A,zyx_cr_kum_rus_37
a513A,zyx_cr_kum_rus_37
a513A,zyx_cr_kum_rus_37
a513A,zyx_cr_kum_rus_37
a513A,zyx_cr_kum_rus_37
a513A,zyx_cr_kum_rus_37
a513A,zyx_cr_kum_rus_37
a513A,zyx_cr_kum_rus_37
a513A,zyx_cr_kum_rus_37
a513A,zyx_cr_kum_rus_37
a513A,zyx_cr_kum_rus_37
a302,zyx_cr_kum_rus_37
a302,zyx_cr_kum_rus_37
a302,zyx_cr_kum_rus_37
a531,zyx_cr_kum_rus_37
a531,zyx_cr_kum_rus_37
a531,zyx_cr_kum_rus_37
a531,zyx_cr_kum_rus_37
a531,zyx_cr_kum_rus_37
a531,zyx_cr_kum_rus_37
a531,zyx_cr_kum_rus_37
a531,zyx_cr_kum_rus_37
a531,zyx_cr_kum_rus_37
a531,zyx_cr_kum_rus_37
a531,zyx_cr_kum_rus_37
a531,zyx_cr_kum_rus_37
a531,zyx_cr_kum_rus_37
a471,zyx_cr_kum_rus_37
a471,zyx_cr_kum_rus_37
a471,zyx_cr_kum_rus_37
a471,zyx_cr_kum_rus_37
a531,zyx_cr_kum_rus_37
a516,zyx_cr_kum_rus_38
a516,zyx_cr_kum_rus_38
a854,zyx_cr_kum_rus_38
a516,zyx_cr_kum_rus_38
a516,zyx_cr_kum_rus_38
a516,zyx_cr_kum_rus_38
a315,zyx_cr_kum_rus_39
a315,zyx_cr_kum_rus_39
a315,zyx_cr_kum_rus_39
a315,zyx_cr_kum_rus_39
a315,zyx_cr_kum_rus_39
a315,zyx_cr_kum_rus_39
a315,zyx_cr_kum_rus_39
a315,zyx_cr_kum_rus_39
a315,zyx_cr_kum_rus_39
a315,zyx_cr_kum_rus_39
a315,zyx_cr_kum_rus_39
a400,zyx_cr_kum_rus_4
a400,zyx_cr_kum_rus_4
a400,zyx_cr_kum_rus_4
a400,zyx_cr_kum_rus_4
a400,zyx_cr_kum_rus_4
a400,zyx_cr_kum_rus_4
a400,zyx_cr_kum_rus_4
a400,zyx_cr_kum_rus_4
a400,zyx_cr_kum_rus_4
a400,zyx_cr_kum_rus_4
a400,zyx_cr_kum_rus_4
a400,zyx_cr_kum_rus_4
a400,zyx_cr_kum_rus_4
a400,zyx_cr_kum_rus_4
a400,zyx_cr_kum_rus_4
a400,zyx_cr_kum_rus_4
a400,zyx_cr_kum_rus_4
a400,zyx_cr_kum_rus_4
a400,zyx_cr_kum_rus_4
a400,zyx_cr_kum_rus_4
a400,zyx_cr_kum_rus_4
a400,zyx_cr_kum_rus_4
a400,zyx_cr_kum_rus_4
a400,zyx_cr_kum_rus_4
a400,zyx_cr_kum_rus_4
a400,zyx_cr_kum_rus_4
a400,zyx_cr_kum_rus_4
a400,zyx_cr_kum_rus_4
a400,zyx_cr_kum_rus_4
a400,zyx_cr_kum_rus_4
a400,zyx_cr_kum_rus_4
a400,zyx_cr_kum_rus_4
a400,zyx_cr_kum_rus_4
a400,zyx_cr_kum_rus_4
a400,zyx_cr_kum_rus_4
a400,zyx_cr_kum_rus_4
a910,zyx_cr_kum_rus_40
a910,zyx_cr_kum_rus_40
a910,zyx_cr_kum_rus_40
a910,zyx_cr_kum_rus_40
a890,zyx_cr_kum_rus_40
a890,zyx_cr_kum_rus_40
a890,zyx_cr_kum_rus_40
a910,zyx_cr_kum_rus_40
a910,zyx_cr_kum_rus_40
a910,zyx_cr_kum_rus_40
a910,zyx_cr_kum_rus_40
a516,zyx_cr_kum_rus_5
a516,zyx_cr_kum_rus_5
a516,zyx_cr_kum_rus_5
a516,zyx_cr_kum_rus_5
a516,zyx_cr_kum_rus_5
a516,zyx_cr_kum_rus_5
a516,zyx_cr_kum_rus_5
a516,zyx_cr_kum_rus_5
a516,zyx_cr_kum_rus_5
a516,zyx_cr_kum_rus_5
a516,zyx_cr_kum_rus_5
a301,zyx_cr_kum_rus_5
a301,zyx_cr_kum_rus_5
a301,zyx_cr_kum_rus_5
a301,zyx_cr_kum_rus_5
a302,zyx_cr_kum_rus_5
a302,zyx_cr_kum_rus_5
a302,zyx_cr_kum_rus_5
a302,zyx_cr_kum_rus_5
a301,zyx_cr_kum_rus_5
a516,zyx_cr_kum_rus_6
a516,zyx_cr_kum_rus_6
a516,zyx_cr_kum_rus_6
a516,zyx_cr_kum_rus_6
a516,zyx_cr_kum_rus_6
a516,zyx_cr_kum_rus_6
a516,zyx_cr_kum_rus_6
a516,zyx_cr_kum_rus_6
a516,zyx_cr_kum_rus_6
a861,zyx_cr_kum_rus_6
a861,zyx_cr_kum_rus_6
a861,zyx_cr_kum_rus_6
a861,zyx_cr_kum_rus_6
a861,zyx_cr_kum_rus_6
a861,zyx_cr_kum_rus_6
a861,zyx_cr_kum_rus_6
a516,zyx_cr_kum_rus_6
a516,zyx_cr_kum_rus_6
a516,zyx_cr_kum_rus_6
a516,zyx_cr_kum_rus_6
a516,zyx_cr_kum_rus_6
a516,zyx_cr_kum_rus_6
a516,zyx_cr_kum_rus_6
a516,zyx_cr_kum_rus_6
a707,zyx_cr_kum_rus_8
a707,zyx_cr_kum_rus_8
a707,zyx_cr_kum_rus_8
a707,zyx_cr_kum_rus_8
a707,zyx_cr_kum_rus_8
a707,zyx_cr_kum_rus_8
a707,zyx_cr_kum_rus_8
a707,zyx_cr_kum_rus_8
a707,zyx_cr_kum_rus_8
a707,zyx_cr_kum_rus_8
a707,zyx_cr_kum_rus_8
a707,zyx_cr_kum_rus_8
a707,zyx_cr_kum_rus_8
a707,zyx_cr_kum_rus_8
a707,zyx_cr_kum_rus_8
a707,zyx_cr_kum_rus_8
a707,zyx_cr_kum_rus_8
a707,zyx_cr_kum_rus_8
a707,zyx_cr_kum_rus_8
a707,zyx_cr_kum_rus_8
a707,zyx_cr_kum_rus_8
a707,zyx_cr_kum_rus_8
a707,zyx_cr_kum_rus_8
a707,zyx_cr_kum_rus_8
a707,zyx_cr_kum_rus_8
a707,zyx_cr_kum_rus_8
a707,zyx_cr_kum_rus_8
a707,zyx_cr_kum_rus_8
a707,zyx_cr_kum_rus_8
a707,zyx_cr_kum_rus_8
a707,zyx_cr_kum_rus_8
a707,zyx_cr_kum_rus_8
a707,zyx_cr_kum_rus_8
a707,zyx_cr_kum_rus_8
a707,zyx_cr_kum_rus_8
a707,zyx_cr_kum_rus_8
a707,zyx_cr_kum_rus_8
a707,zyx_cr_kum_rus_8
a707,zyx_cr_kum_rus_8
a707,zyx_cr_kum_rus_8
a707,zyx_cr_kum_rus_8
a531,zyx_cr_kum_rus_8
a531,zyx_cr_kum_rus_8
a707,zyx_cr_kum_rus_8
a707,zyx_cr_kum_rus_8
a550,zyx_cr_kva_rus_12
a550,zyx_cr_kva_rus_12
a550,zyx_cr_kva_rus_12
a550,zyx_cr_kva_rus_12
a550,zyx_cr_kva_rus_12
a550,zyx_cr_kva_rus_12
a550,zyx_cr_kva_rus_12
a550,zyx_cr_kva_rus_12
a550,zyx_cr_kva_rus_12
a550,zyx_cr_kva_rus_12
a550,zyx_cr_kva_rus_12
a563,zyx_cc_kva_rus_13
a563,zyx_cc_kva_rus_13
a563,zyx_cc_kva_rus_13
a563,zyx_cc_kva_rus_13
a563,zyx_cc_kva_rus_13
a563,zyx_cc_kva_rus_13
a563,zyx_cc_kva_rus_13
a563,zyx_cc_kva_rus_13
a563,zyx_cc_kva_rus_13
a563,zyx_cc_kva_rus_13
a563,zyx_cc_kva_rus_13
aE1,zyx_cr_lbe_rus_1
aE1,zyx_cr_lbe_rus_1
aE1,zyx_cr_lbe_rus_1
aE1,zyx_cr_lbe_rus_1
aE1,zyx_cr_lbe_rus_1
a302B,zyx_cr_lbe_rus_1
a302B,zyx_cr_lbe_rus_1
aE1,zyx_cr_lbe_rus_1
aE1,zyx_cr_lbe_rus_1
aE1,zyx_cr_lbe_rus_1
aE1,zyx_cr_lbe_rus_1
aE1,zyx_cr_lbe_rus_1
aE1,zyx_cr_lbe_rus_1
a875,zyx_cr_lbe_rus_10
a875,zyx_cr_lbe_rus_10
a875,zyx_cr_lbe_rus_10
a875,zyx_cr_lbe_rus_10
a875,zyx_cr_lbe_rus_10
a875,zyx_cr_lbe_rus_10
a875,zyx_cr_lbe_rus_10
a875,zyx_cr_lbe_rus_10
a875,zyx_cr_lbe_rus_10
a875,zyx_cr_lbe_rus_10
a875,zyx_cr_lbe_rus_10
a875,zyx_cr_lbe_rus_10
a875,zyx_cr_lbe_rus_10
a875,zyx_cr_lbe_rus_10
a1641,zyx_cr_lbe_rus_12
a1641,zyx_cr_lbe_rus_12
a1641,zyx_cr_lbe_rus_12
a1641,zyx_cr_lbe_rus_12
a910,zyx_cr_lbe_rus_13
a910,zyx_cr_lbe_rus_13
a910,zyx_cr_lbe_rus_13
a910,zyx_cr_lbe_rus_13
a910,zyx_cr_lbe_rus_13
a910,zyx_cr_lbe_rus_13
a910,zyx_cr_lbe_rus_13
a910,zyx_cr_lbe_rus_13
a910,zyx_cr_lbe_rus_13
a890,zyx_cr_lbe_rus_13
a890,zyx_cr_lbe_rus_13
a1536B,zyx_cr_lbe_rus_15
a1536B,zyx_cr_lbe_rus_15
a1536B,zyx_cr_lbe_rus_15
a1536B,zyx_cr_lbe_rus_15
a1536B,zyx_cr_lbe_rus_15
a1536B,zyx_cr_lbe_rus_15
a1536B,zyx_cr_lbe_rus_15
a1536B,zyx_cr_lbe_rus_15
a1536B,zyx_cr_lbe_rus_15
a1536B,zyx_cr_lbe_rus_15
a1536B,zyx_cr_lbe_rus_15
a1536B,zyx_cr_lbe_rus_15
a1536B,zyx_cr_lbe_rus_15
a1536B,zyx_cr_lbe_rus_15
a1536B,zyx_cr_lbe_rus_15
a1536B,zyx_cr_lbe_rus_15
a1536B,zyx_cr_lbe_rus_15
a1536B,zyx_cr_lbe_rus_15
a1536B,zyx_cr_lbe_rus_15
a1536B,zyx_cr_lbe_rus_15
a1536B,zyx_cr_lbe_rus_15
a1536B,zyx_cr_lbe_rus_15
a1536B,zyx_cr_lbe_rus_15
a882,zyx_cr_lbe_rus_17
a613,zyx_cr_lbe_rus_18
a613,zyx_cr_lbe_rus_18
a613,zyx_cr_lbe_rus_18
a613,zyx_cr_lbe_rus_18
a613,zyx_cr_lbe_rus_18
a613,zyx_cr_lbe_rus_18
a613,zyx_cr_lbe_rus_18
a613,zyx_cr_lbe_rus_18
a613,zyx_cr_lbe_rus_18
a613,zyx_cr_lbe_rus_18
a613,zyx_cr_lbe_rus_18
a613,zyx_cr_lbe_rus_18
a613,zyx_cr_lbe_rus_18
a613,zyx_cr_lbe_rus_18
a301,zyx_cr_lbe_rus_2
a301,zyx_cr_lbe_rus_2
a301,zyx_cr_lbe_rus_2
a301,zyx_cr_lbe_rus_2
a301,zyx_cr_lbe_rus_2
a301,zyx_cr_lbe_rus_2
a301,zyx_cr_lbe_rus_2
a301,zyx_cr_lbe_rus_2
a301,zyx_cr_lbe_rus_2
a301,zyx_cr_lbe_rus_2
a301,zyx_cr_lbe_rus_2
a301,zyx_cr_lbe_rus_2
a301,zyx_cr_lbe_rus_2
a301,zyx_cr_lbe_rus_2
a301,zyx_cr_lbe_rus_2
a301,zyx_cr_lbe_rus_2
a301,zyx_cr_lbe_rus_2
a301,zyx_cr_lbe_rus_2
a301,zyx_cr_lbe_rus_2
a301,zyx_cr_lbe_rus_2
a301,zyx_cr_lbe_rus_2
a301,zyx_cr_lbe_rus_2
a301,zyx_cr_lbe_rus_2
a301,zyx_cr_lbe_rus_2
a301,zyx_cr_lbe_rus_2
a301,zyx_cr_lbe_rus_2
a301,zyx_cr_lbe_rus_2
a301,zyx_cr_lbe_rus_2
a301,zyx_cr_lbe_rus_2
a301,zyx_cr_lbe_rus_2
a301,zyx_cr_lbe_rus_2
a301,zyx_cr_lbe_rus_2
a301,zyx_cr_lbe_rus_2
a301,zyx_cr_lbe_rus_2
a301,zyx_cr_lbe_rus_2
a301,zyx_cr_lbe_rus_2
a301,zyx_cr_lbe_rus_2
a301,zyx_cr_lbe_rus_2
a301,zyx_cr_lbe_rus_2
a301,zyx_cr_lbe_rus_2
a301,zyx_cr_lbe_rus_2
a301,zyx_cr_lbe_rus_2
a56A,zyx_cr_lbe_rus_21
a56A,zyx_cr_lbe_rus_21
a56A,zyx_cr_lbe_rus_21
a56A,zyx_cr_lbe_rus_21
a61,zyx_cr_lbe_rus_21
a6,zyx_cr_lbe_rus_21
a6,zyx_cr_lbe_rus_21
a8,zyx_cr_lbe_rus_23
a103,zyx_cr_lbe_rus_23
a103,zyx_cr_lbe_rus_23
a103,zyx_cr_lbe_rus_23
a103,zyx_cr_lbe_rus_23
a103,zyx_cr_lbe_rus_23
a76,zyx_cr_lbe_rus_27
a545B,zyx_cr_lbe_rus_29
a545B,zyx_cr_lbe_rus_29
a545B,zyx_cr_lbe_rus_29
a545B,zyx_cr_lbe_rus_29
a545B,zyx_cr_lbe_rus_29
a545B,zyx_cr_lbe_rus_29
a449,zyx_cr_lbe_rus_33
a449,zyx_cr_lbe_rus_33
a449,zyx_cr_lbe_rus_33
a449,zyx_cr_lbe_rus_33
a449,zyx_cr_lbe_rus_33
a302,zyx_cr_lbe_rus_33
a302,zyx_cr_lbe_rus_33
a449,zyx_cr_lbe_rus_33
a449,zyx_cr_lbe_rus_33
a449,zyx_cr_lbe_rus_33
a302B,zyx_cr_lbe_rus_34
a302B,zyx_cr_lbe_rus_34
a302B,zyx_cr_lbe_rus_34
a302B,zyx_cr_lbe_rus_34
a302B,zyx_cr_lbe_rus_34
a302B,zyx_cr_lbe_rus_34
a302B,zyx_cr_lbe_rus_34
a302B,zyx_cr_lbe_rus_34
a467Kau,zyx_cr_lbe_rus_35
a467Kau,zyx_cr_lbe_rus_35
a467Kau,zyx_cr_lbe_rus_35
a467Kau,zyx_cr_lbe_rus_35
a467Kau,zyx_cr_lbe_rus_35
a467Kau,zyx_cr_lbe_rus_35
a467Kau,zyx_cr_lbe_rus_35
a467Kau,zyx_cr_lbe_rus_35
a467Kau,zyx_cr_lbe_rus_35
a467Kau,zyx_cr_lbe_rus_35
a467Kau,zyx_cr_lbe_rus_35
a467Kau,zyx_cr_lbe_rus_35
a467Kau,zyx_cr_lbe_rus_35
a467Kau,zyx_cr_lbe_rus_35
a467Kau,zyx_cr_lbe_rus_35
a467Kau,zyx_cr_lbe_rus_35
a467Kau,zyx_cr_lbe_rus_35
a480,zyx_cr_lbe_rus_36
a480,zyx_cr_lbe_rus_36
a480,zyx_cr_lbe_rus_36
a480,zyx_cr_lbe_rus_36
a480,zyx_cr_lbe_rus_36
a480,zyx_cr_lbe_rus_36
a480,zyx_cr_lbe_rus_36
a480,zyx_cr_lbe_rus_36
a480,zyx_cr_lbe_rus_36
a480,zyx_cr_lbe_rus_36
a480,zyx_cr_lbe_rus_36
a480,zyx_cr_lbe_rus_36
a480,zyx_cr_lbe_rus_36
a480,zyx_cr_lbe_rus_36
a480,zyx_cr_lbe_rus_36
a480,zyx_cr_lbe_rus_36
a480,zyx_cr_lbe_rus_36
a480,zyx_cr_lbe_rus_36
a480,zyx_cr_lbe_rus_36
a480,zyx_cr_lbe_rus_36
a480,zyx_cr_lbe_rus_36
a480,zyx_cr_lbe_rus_36
a480,zyx_cr_lbe_rus_36
a480,zyx_cr_lbe_rus_36
a480,zyx_cr_lbe_rus_36
a480,zyx_cr_lbe_rus_36
a480,zyx_cr_lbe_rus_36
a480,zyx_cr_lbe_rus_36
a480,zyx_cr_lbe_rus_36
a480,zyx_cr_lbe_rus_36
a480,zyx_cr_lbe_rus_36
a511,zyx_cr_lbe_rus_36
a511,zyx_cr_lbe_rus_36
a511,zyx_cr_lbe_rus_36
a480,zyx_cr_lbe_rus_36
a480,zyx_cr_lbe_rus_36
a480,zyx_cr_lbe_rus_36
a480,zyx_cr_lbe_rus_36
a403,zyx_cr_lbe_rus_36
a403,zyx_cr_lbe_rus_36
a403,zyx_cr_lbe_rus_36
a408,zyx_cr_lbe_rus_36
a408,zyx_cr_lbe_rus_36
a408,zyx_cr_lbe_rus_36
a408,zyx_cr_lbe_rus_36
a408,zyx_cr_lbe_rus_36
a408,zyx_cr_lbe_rus_36
a408,zyx_cr_lbe_rus_36
a408,zyx_cr_lbe_rus_36
a408,zyx_cr_lbe_rus_36
a408,zyx_cr_lbe_rus_36
a408,zyx_cr_lbe_rus_36
a408,zyx_cr_lbe_rus_36
a408,zyx_cr_lbe_rus_36
a408,zyx_cr_lbe_rus_36
a408,zyx_cr_lbe_rus_36
a514,zyx_cr_lbe_rus_37
a514,zyx_cr_lbe_rus_37
a514,zyx_cr_lbe_rus_37
a514,zyx_cr_lbe_rus_37
a514,zyx_cr_lbe_rus_37
a514,zyx_cr_lbe_rus_37
a514,zyx_cr_lbe_rus_37
a514,zyx_cr_lbe_rus_37
a514,zyx_cr_lbe_rus_37
a514,zyx_cr_lbe_rus_37
a514,zyx_cr_lbe_rus_37
a514,zyx_cr_lbe_rus_37
a514,zyx_cr_lbe_rus_37
a514,zyx_cr_lbe_rus_37
a514,zyx_cr_lbe_rus_37
a514,zyx_cr_lbe_rus_37
a449,zyx_cr_lbe_rus_37
a514,zyx_cr_lbe_rus_37
a514,zyx_cr_lbe_rus_37
a514,zyx_cr_lbe_rus_37
a514,zyx_cr_lbe_rus_37
a514,zyx_cr_lbe_rus_37
a514,zyx_cr_lbe_rus_37
a303A,zyx_cr_lbe_rus_38
a303A,zyx_cr_lbe_rus_38
a303A,zyx_cr_lbe_rus_38
a303A,zyx_cr_lbe_rus_38
a303A,zyx_cr_lbe_rus_38
a303A,zyx_cr_lbe_rus_38
a303A,zyx_cr_lbe_rus_38
a303A,zyx_cr_lbe_rus_38
a303A,zyx_cr_lbe_rus_38
a513A,zyx_cr_lbe_rus_38
a513A,zyx_cr_lbe_rus_38
a513A,zyx_cr_lbe_rus_38
a513A,zyx_cr_lbe_rus_38
a513A,zyx_cr_lbe_rus_38
a516,zyx_cr_lbe_rus_38
a516,zyx_cr_lbe_rus_38
a513A,zyx_cr_lbe_rus_38
a513A,zyx_cr_lbe_rus_38
a513A,zyx_cr_lbe_rus_38
a303A,zyx_cr_lbe_rus_38
a303A,zyx_cr_lbe_rus_38
a303A,zyx_cr_lbe_rus_38
a303A,zyx_cr_lbe_rus_38
a303A,zyx_cr_lbe_rus_38
a303A,zyx_cr_lbe_rus_38
a511,zyx_cr_lbe_rus_40
a511,zyx_cr_lbe_rus_40
a511,zyx_cr_lbe_rus_40
a511,zyx_cr_lbe_rus_40
a511,zyx_cr_lbe_rus_40
a511,zyx_cr_lbe_rus_40
a511,zyx_cr_lbe_rus_40
a511,zyx_cr_lbe_rus_40
a511,zyx_cr_lbe_rus_40
a511,zyx_cr_lbe_rus_40
a511,zyx_cr_lbe_rus_40
a511,zyx_cr_lbe_rus_40
a511,zyx_cr_lbe_rus_40
a1706,zyx_cr_lbe_rus_41
a1706,zyx_cr_lbe_rus_41
a701,zyx_cr_lbe_rus_41
a701,zyx_cr_lbe_rus_41
a701,zyx_cr_lbe_rus_41
a701,zyx_cr_lbe_rus_41
a701,zyx_cr_lbe_rus_41
a701,zyx_cr_lbe_rus_41
a701,zyx_cr_lbe_rus_41
a701,zyx_cr_lbe_rus_41
a701,zyx_cr_lbe_rus_41
a701,zyx_cr_lbe_rus_41
a1706,zyx_cr_lbe_rus_41
a425A,zyx_cr_lbe_rus_42
a425A,zyx_cr_lbe_rus_42
a425A,zyx_cr_lbe_rus_42
a425A,zyx_cr_lbe_rus_42
a425A,zyx_cr_lbe_rus_42
a425A,zyx_cr_lbe_rus_42
a425A,zyx_cr_lbe_rus_42
a425A,zyx_cr_lbe_rus_42
a425A,zyx_cr_lbe_rus_42
a425A,zyx_cr_lbe_rus_42
a425A,zyx_cr_lbe_rus_42
a425A,zyx_cr_lbe_rus_42
a425A,zyx_cr_lbe_rus_42
a425A,zyx_cr_lbe_rus_42
a425A,zyx_cr_lbe_rus_42
a425B,zyx_cr_lbe_rus_42
a425B,zyx_cr_lbe_rus_42
a425B,zyx_cr_lbe_rus_42
a313,zyx_cr_lbe_rus_42
a313,zyx_cr_lbe_rus_42
a313,zyx_cr_lbe_rus_42
a313,zyx_cr_lbe_rus_42
a936*,zyx_cr_lbe_rus_42
a936*,zyx_cr_lbe_rus_42
a936*,zyx_cr_lbe_rus_42
a936*,zyx_cr_lbe_rus_42
a936*,zyx_cr_lbe_rus_42
a936*,zyx_cr_lbe_rus_42
a936*,zyx_cr_lbe_rus_42
a425A,zyx_cr_lbe_rus_43
a425A,zyx_cr_lbe_rus_43
a425A,zyx_cr_lbe_rus_43
a563,zyx_cr_lbe_rus_43
a563,zyx_cr_lbe_rus_43
a563,zyx_cr_lbe_rus_43
a563,zyx_cr_lbe_rus_43
a563,zyx_cr_lbe_rus_43
a563,zyx_cr_lbe_rus_43
a563,zyx_cr_lbe_rus_43
a563,zyx_cr_lbe_rus_43
a563,zyx_cr_lbe_rus_43
a563,zyx_cr_lbe_rus_43
a563,zyx_cr_lbe_rus_43
a563,zyx_cr_lbe_rus_43
a563,zyx_cr_lbe_rus_43
a563,zyx_cr_lbe_rus_43
a563,zyx_cr_lbe_rus_43
a875,zyx_cr_lbe_rus_44
a875,zyx_cr_lbe_rus_44
a875,zyx_cr_lbe_rus_44
a875,zyx_cr_lbe_rus_44
a875,zyx_cr_lbe_rus_44
a875,zyx_cr_lbe_rus_44
a875,zyx_cr_lbe_rus_44
a875,zyx_cr_lbe_rus_44
a875,zyx_cr_lbe_rus_44
a875,zyx_cr_lbe_rus_44
a875,zyx_cr_lbe_rus_44
a875,zyx_cr_lbe_rus_44
a875E,zyx_cr_lbe_rus_44
a875E,zyx_cr_lbe_rus_44
a875,zyx_cr_lbe_rus_44
aTMJ1545_4,zyx_cr_lbe_rus_44
aTMJ1545_4,zyx_cr_lbe_rus_44
a1000,zyx_cr_lbe_rus_45
a1000,zyx_cr_lbe_rus_45
a1000,zyx_cr_lbe_rus_45
a1000,zyx_cr_lbe_rus_45
a1000,zyx_cr_lbe_rus_45
a1000,zyx_cr_lbe_rus_45
a1000,zyx_cr_lbe_rus_45
a1000,zyx_cr_lbe_rus_45
a1000,zyx_cr_lbe_rus_45
a1000,zyx_cr_lbe_rus_45
a1000,zyx_cr_lbe_rus_45
a1000,zyx_cr_lbe_rus_45
a1000,zyx_cr_lbe_rus_45
a1000,zyx_cr_lbe_rus_45
a1000,zyx_cr_lbe_rus_45
a1000,zyx_cr_lbe_rus_45
a1000,zyx_cr_lbe_rus_45
a1000,zyx_cr_lbe_rus_45
a1000,zyx_cr_lbe_rus_45
a1000,zyx_cr_lbe_rus_45
a1000,zyx_cr_lbe_rus_45
a1000,zyx_cr_lbe_rus_45
a1000,zyx_cr_lbe_rus_45
a1000,zyx_cr_lbe_rus_45
a1000,zyx_cr_lbe_rus_45
a1000,zyx_cr_lbe_rus_45
a155,zyx_cr_lbe_rus_47
a155,zyx_cr_lbe_rus_47
a155,zyx_cr_lbe_rus_47
a155,zyx_cr_lbe_rus_47
a285D,zyx_cr_lbe_rus_47
a285D,zyx_cr_lbe_rus_47
a285D,zyx_cr_lbe_rus_47
a285D,zyx_cr_lbe_rus_47
a285D,zyx_cr_lbe_rus_47
a285D,zyx_cr_lbe_rus_47
a707,zyx_cr_lbe_rus_48
a707,zyx_cr_lbe_rus_48
a707,zyx_cr_lbe_rus_48
a707,zyx_cr_lbe_rus_48
a707,zyx_cr_lbe_rus_48
a707,zyx_cr_lbe_rus_48
a707,zyx_cr_lbe_rus_48
a707,zyx_cr_lbe_rus_48
a707,zyx_cr_lbe_rus_48
a707,zyx_cr_lbe_rus_48
a707,zyx_cr_lbe_rus_48
a707,zyx_cr_lbe_rus_48
a707,zyx_cr_lbe_rus_48
a707,zyx_cr_lbe_rus_48
a707,zyx_cr_lbe_rus_48
a425A,zyx_cr_lbe_rus_6
a425A,zyx_cr_lbe_rus_6
a425A,zyx_cr_lbe_rus_6
a563,zyx_cr_lbe_rus_6
a563,zyx_cr_lbe_rus_6
a563,zyx_cr_lbe_rus_6
a563,zyx_cr_lbe_rus_6
a563,zyx_cr_lbe_rus_6
a563,zyx_cr_lbe_rus_6
a563,zyx_cr_lbe_rus_6
a563,zyx_cr_lbe_rus_6
a563,zyx_cr_lbe_rus_6
a563,zyx_cr_lbe_rus_6
a563,zyx_cr_lbe_rus_6
a563,zyx_cr_lbe_rus_6
a563,zyx_cr_lbe_rus_6
a563,zyx_cr_lbe_rus_6
a650A,zyx_cr_lez_rus_1
a650A,zyx_cr_lez_rus_1
a650A,zyx_cr_lez_rus_1
a650A,zyx_cr_lez_rus_1
a650A,zyx_cr_lez_rus_1
a650A,zyx_cr_lez_rus_1
a590,zyx_cr_lez_rus_1
a590,zyx_cr_lez_rus_1
a590,zyx_cr_lez_rus_1
a590,zyx_cr_lez_rus_1
a650A,zyx_cr_lez_rus_1
a650A,zyx_cr_lez_rus_1
a650A,zyx_cr_lez_rus_1
a650A,zyx_cr_lez_rus_1
a650A,zyx_cr_lez_rus_1
a301,zyx_cr_lez_rus_1
a301,zyx_cr_lez_rus_1
a301,zyx_cr_lez_rus_1
a301,zyx_cr_lez_rus_1
a301,zyx_cr_lez_rus_1
a301,zyx_cr_lez_rus_1
a301,zyx_cr_lez_rus_1
a301,zyx_cr_lez_rus_1
a301,zyx_cr_lez_rus_1
a301,zyx_cr_lez_rus_1
a301,zyx_cr_lez_rus_1
a301,zyx_cr_lez_rus_1
a301,zyx_cr_lez_rus_1
a301,zyx_cr_lez_rus_1
a301,zyx_cr_lez_rus_1
a301,zyx_cr_lez_rus_1
a301,zyx_cr_lez_rus_1
a301,zyx_cr_lez_rus_1
a301,zyx_cr_lez_rus_1
a301,zyx_cr_lez_rus_1
a301,zyx_cr_lez_rus_1
a301,zyx_cr_lez_rus_1
a301,zyx_cr_lez_rus_1
a301,zyx_cr_lez_rus_1
a300,zyx_cr_lez_rus_1
a300,zyx_cr_lez_rus_1
a300,zyx_cr_lez_rus_1
a300,zyx_cr_lez_rus_1
a300,zyx_cr_lez_rus_1
a300,zyx_cr_lez_rus_1
a300,zyx_cr_lez_rus_1
a300,zyx_cr_lez_rus_1
a300,zyx_cr_lez_rus_1
a300,zyx_cr_lez_rus_1
a300,zyx_cr_lez_rus_1
a300,zyx_cr_lez_rus_1
a300,zyx_cr_lez_rus_1
a300,zyx_cr_lez_rus_1
a300,zyx_cr_lez_rus_1
a301,zyx_cr_lez_rus_1
a301,zyx_cr_lez_rus_1
a301,zyx_cr_lez_rus_1
a707,zyx_cr_lez_rus_10
a707,zyx_cr_lez_rus_10
a707,zyx_cr_lez_rus_10
a707,zyx_cr_lez_rus_10
a707,zyx_cr_lez_rus_10
a707,zyx_cr_lez_rus_10
a707,zyx_cr_lez_rus_10
a707,zyx_cr_lez_rus_10
a707,zyx_cr_lez_rus_10
a707,zyx_cr_lez_rus_10
a707,zyx_cr_lez_rus_10
a707,zyx_cr_lez_rus_10
a707,zyx_cr_lez_rus_10
a707,zyx_cr_lez_rus_10
a707,zyx_cr_lez_rus_10
a707,zyx_cr_lez_rus_10
a707,zyx_cr_lez_rus_10
a707,zyx_cr_lez_rus_10
a707,zyx_cr_lez_rus_10
a707,zyx_cr_lez_rus_10
a707,zyx_cr_lez_rus_10
a1164,zyx_cr_lez_rus_11
a1164,zyx_cr_lez_rus_11
a1164,zyx_cr_lez_rus_11
a1164,zyx_cr_lez_rus_11
a1164,zyx_cr_lez_rus_11
a1164,zyx_cr_lez_rus_11
a1164,zyx_cr_lez_rus_11
a1164,zyx_cr_lez_rus_11
a1164,zyx_cr_lez_rus_11
a1164,zyx_cr_lez_rus_11
a1164,zyx_cr_lez_rus_11
a1164,zyx_cr_lez_rus_11
a1164,zyx_cr_lez_rus_11
a1164,zyx_cr_lez_rus_11
a1164,zyx_cr_lez_rus_11
a1164,zyx_cr_lez_rus_11
a1164,zyx_cr_lez_rus_11
a1164,zyx_cr_lez_rus_11
a1164,zyx_cr_lez_rus_11
a1164,zyx_cr_lez_rus_11
a992,zyx_cr_lez_rus_15
a922,zyx_cr_lez_rus_15
a922,zyx_cr_lez_rus_15
a922,zyx_cr_lez_rus_15
a922,zyx_cr_lez_rus_15
a922,zyx_cr_lez_rus_15
a922,zyx_cr_lez_rus_15
a922,zyx_cr_lez_rus_15
a922,zyx_cr_lez_rus_15
a922,zyx_cr_lez_rus_15
a922,zyx_cr_lez_rus_15
a922,zyx_cr_lez_rus_15
a1641,zyx_cr_lez_rus_17
a1641,zyx_cr_lez_rus_17
a1641,zyx_cr_lez_rus_17
a1641,zyx_cr_lez_rus_17
a650A,zyx_cr_lez_rus_2
a650A,zyx_cr_lez_rus_2
a650A,zyx_cr_lez_rus_2
a650A,zyx_cr_lez_rus_2
a650A,zyx_cr_lez_rus_2
a650A,zyx_cr_lez_rus_2
a650A,zyx_cr_lez_rus_2
a650A,zyx_cr_lez_rus_2
a650A,zyx_cr_lez_rus_2
a650A,zyx_cr_lez_rus_2
a1730,zyx_cr_lez_rus_20
a1730,zyx_cr_lez_rus_20
a1730,zyx_cr_lez_rus_20
a1730,zyx_cr_lez_rus_20
a1730,zyx_cr_lez_rus_20
a1525,zyx_cr_lez_rus_21
a1525E,zyx_cr_lez_rus_21
a1525E,zyx_cr_lez_rus_21
a950,zyx_cr_lez_rus_21
a950,zyx_cr_lez_rus_21
a950,zyx_cr_lez_rus_21
a950,zyx_cr_lez_rus_21
a950,zyx_cr_lez_rus_21
a950,zyx_cr_lez_rus_21
a950,zyx_cr_lez_rus_21
a950,zyx_cr_lez_rus_21
a950,zyx_cr_lez_rus_21
a950,zyx_cr_lez_rus_21
a950,zyx_cr_lez_rus_21
a950,zyx_cr_lez_rus_21
a950,zyx_cr_lez_rus_21
a950,zyx_cr_lez_rus_21
a950,zyx_cr_lez_rus_21
a950,zyx_cr_lez_rus_21
a950,zyx_cr_lez_rus_21
a950,zyx_cr_lez_rus_21
a1525G,zyx_cr_lez_rus_21
a1525G,zyx_cr_lez_rus_21
a1525G,zyx_cr_lez_rus_21
a1525G,zyx_cr_lez_rus_21
a1525G,zyx_cr_lez_rus_21
a1525G,zyx_cr_lez_rus_21
a1525G,zyx_cr_lez_rus_21
a1560,zyx_cr_lez_rus_22
a1539,zyx_cr_lez_rus_23
a1539,zyx_cr_lez_rus_23
a1539,zyx_cr_lez_rus_23
a1539,zyx_cr_lez_rus_23
a1539,zyx_cr_lez_rus_23
a1539,zyx_cr_lez_rus_23
a1539,zyx_cr_lez_rus_23
a1539,zyx_cr_lez_rus_23
a1539,zyx_cr_lez_rus_23
a1539,zyx_cr_lez_rus_23
a1539,zyx_cr_lez_rus_23
a1539,zyx_cr_lez_rus_23
a1539,zyx_cr_lez_rus_23
a170,zyx_cr_lez_rus_25
a170,zyx_cr_lez_rus_25
a170,zyx_cr_lez_rus_25
a170,zyx_cr_lez_rus_25
a170,zyx_cr_lez_rus_25
a170,zyx_cr_lez_rus_25
a170,zyx_cr_lez_rus_25
a170,zyx_cr_lez_rus_25
a170,zyx_cr_lez_rus_25
a170,zyx_cr_lez_rus_25
a35B*,zyx_cr_lez_rus_27
a35B*,zyx_cr_lez_rus_27
a35B*,zyx_cr_lez_rus_27
a35B*,zyx_cr_lez_rus_27
a35B*,zyx_cr_lez_rus_27
a35B*,zyx_cr_lez_rus_27
a35B*,zyx_cr_lez_rus_27
a35B*,zyx_cr_lez_rus_27
a35B*,zyx_cr_lez_rus_27
a154,zyx_cr_lez_rus_28
a154,zyx_cr_lez_rus_28
a154,zyx_cr_lez_rus_28
a650A,zyx_cr_lez_rus_29
a650A,zyx_cr_lez_rus_29
a650A,zyx_cr_lez_rus_29
a650A,zyx_cr_lez_rus_29
a650A,zyx_cr_lez_rus_29
a590,zyx_cr_lez_rus_29
a590,zyx_cr_lez_rus_29
a590,zyx_cr_lez_rus_29
a650A,zyx_cr_lez_rus_29
a650A,zyx_cr_lez_rus_29
a650A,zyx_cr_lez_rus_29
a650A,zyx_cr_lez_rus_29
a301,zyx_cr_lez_rus_29
a301,zyx_cr_lez_rus_29
a301,zyx_cr_lez_rus_29
a301,zyx_cr_lez_rus_29
a301,zyx_cr_lez_rus_29
a301,zyx_cr_lez_rus_29
a301,zyx_cr_lez_rus_29
a301,zyx_cr_lez_rus_29
a301,zyx_cr_lez_rus_29
a301,zyx_cr_lez_rus_29
a301,zyx_cr_lez_rus_29
a301,zyx_cr_lez_rus_29
a301,zyx_cr_lez_rus_29
a301,zyx_cr_lez_rus_29
a301,zyx_cr_lez_rus_29
a301,zyx_cr_lez_rus_29
a301,zyx_cr_lez_rus_29
a301,zyx_cr_lez_rus_29
a301,zyx_cr_lez_rus_29
a301,zyx_cr_lez_rus_29
a301,zyx_cr_lez_rus_29
a300,zyx_cr_lez_rus_29
a300,zyx_cr_lez_rus_29
a300,zyx_cr_lez_rus_29
a300,zyx_cr_lez_rus_29
a300,zyx_cr_lez_rus_29
a300,zyx_cr_lez_rus_29
a300,zyx_cr_lez_rus_29
a300,zyx_cr_lez_rus_29
a300,zyx_cr_lez_rus_29
a300,zyx_cr_lez_rus_29
a300,zyx_cr_lez_rus_29
a300,zyx_cr_lez_rus_29
a300,zyx_cr_lez_rus_29
a300,zyx_cr_lez_rus_29
a300,zyx_cr_lez_rus_29
a300,zyx_cr_lez_rus_29
a300,zyx_cr_lez_rus_29
a301,zyx_cr_lez_rus_29
a301,zyx_cr_lez_rus_29
a706,zyx_cr_lez_rus_30
a706,zyx_cr_lez_rus_30
a706,zyx_cr_lez_rus_30
a706,zyx_cr_lez_rus_30
a706,zyx_cr_lez_rus_30
a706,zyx_cr_lez_rus_30
a706,zyx_cr_lez_rus_30
a706,zyx_cr_lez_rus_30
a706,zyx_cr_lez_rus_30
a706,zyx_cr_lez_rus_30
a706,zyx_cr_lez_rus_30
a706,zyx_cr_lez_rus_30
a706,zyx_cr_lez_rus_30
a706,zyx_cr_lez_rus_30
a706,zyx_cr_lez_rus_30
a706,zyx_cr_lez_rus_30
a706,zyx_cr_lez_rus_30
a706,zyx_cr_lez_rus_30
a706,zyx_cr_lez_rus_30
a706,zyx_cr_lez_rus_30
a451,zyx_cr_lez_rus_31
a451,zyx_cr_lez_rus_31
a451,zyx_cr_lez_rus_31
a451,zyx_cr_lez_rus_31
a451,zyx_cr_lez_rus_31
a451,zyx_cr_lez_rus_31
a451,zyx_cr_lez_rus_31
a451,zyx_cr_lez_rus_31
a451,zyx_cr_lez_rus_31
a451,zyx_cr_lez_rus_31
a451,zyx_cr_lez_rus_31
a451,zyx_cr_lez_rus_31
a451,zyx_cr_lez_rus_31
a451,zyx_cr_lez_rus_31
a451,zyx_cr_lez_rus_31
a451,zyx_cr_lez_rus_31
a451,zyx_cr_lez_rus_31
a451,zyx_cr_lez_rus_31
a451,zyx_cr_lez_rus_31
a451,zyx_cr_lez_rus_31
a451,zyx_cr_lez_rus_31
a451,zyx_cr_lez_rus_31
a451,zyx_cr_lez_rus_31
a451,zyx_cr_lez_rus_31
a451,zyx_cr_lez_rus_31
a451,zyx_cr_lez_rus_31
a1641,zyx_cr_lez_rus_33
a1641,zyx_cr_lez_rus_33
a1641,zyx_cr_lez_rus_33
a1641,zyx_cr_lez_rus_33
a460A,zyx_cr_lez_rus_35
a460A,zyx_cr_lez_rus_35
a460A,zyx_cr_lez_rus_35
a460A,zyx_cr_lez_rus_35
a460A,zyx_cr_lez_rus_35
a460A,zyx_cr_lez_rus_35
a460A,zyx_cr_lez_rus_35
a551,zyx_cr_lez_rus_4
a551,zyx_cr_lez_rus_4
a551,zyx_cr_lez_rus_4
a551,zyx_cr_lez_rus_4
a551,zyx_cr_lez_rus_4
a551,zyx_cr_lez_rus_4
a551,zyx_cr_lez_rus_4
a551,zyx_cr_lez_rus_4
a551,zyx_cr_lez_rus_4
a531,zyx_cr_lez_rus_4
a531,zyx_cr_lez_rus_4
a531,zyx_cr_lez_rus_4
a531,zyx_cr_lez_rus_4
a531,zyx_cr_lez_rus_4
a531,zyx_cr_lez_rus_4
a531,zyx_cr_lez_rus_4
a531,zyx_cr_lez_rus_4
a531,zyx_cr_lez_rus_4
a531,zyx_cr_lez_rus_4
a531,zyx_cr_lez_rus_4
a531,zyx_cr_lez_rus_4
a531,zyx_cr_lez_rus_4
a531,zyx_cr_lez_rus_4
a531,zyx_cr_lez_rus_4
a531,zyx_cr_lez_rus_4
a531,zyx_cr_lez_rus_4
a531,zyx_cr_lez_rus_4
a531,zyx_cr_lez_rus_4
a531,zyx_cr_lez_rus_4
a551,zyx_cr_lez_rus_4
a551,zyx_cr_lez_rus_4
a551,zyx_cr_lez_rus_4
a551,zyx_cr_lez_rus_4
a881A,zyx_cr_lez_rus_4
a881A,zyx_cr_lez_rus_4
a881A,zyx_cr_lez_rus_4
a881A,zyx_cr_lez_rus_4
a881A,zyx_cr_lez_rus_4
a881A,zyx_cr_lez_rus_4
a881A,zyx_cr_lez_rus_4
a881A,zyx_cr_lez_rus_4
a881A,zyx_cr_lez_rus_4
a881A,zyx_cr_lez_rus_4
a881A,zyx_cr_lez_rus_4
a881A,zyx_cr_lez_rus_4
a531,zyx_cr_lez_rus_4
a531,zyx_cr_lez_rus_4
anh372,zyx_cr_lez_rus_42
anh372,zyx_cr_lez_rus_42
a551,zyx_cr_lez_rus_43
a551,zyx_cr_lez_rus_43
a551,zyx_cr_lez_rus_43
a551,zyx_cr_lez_rus_43
a551,zyx_cr_lez_rus_43
a551,zyx_cr_lez_rus_43
a551,zyx_cr_lez_rus_43
a551,zyx_cr_lez_rus_43
a531,zyx_cr_lez_rus_43
a551,zyx_cr_lez_rus_43
a531,zyx_cr_lez_rus_43
a531,zyx_cr_lez_rus_43
a531,zyx_cr_lez_rus_43
a531,zyx_cr_lez_rus_43
a531,zyx_cr_lez_rus_43
a531,zyx_cr_lez_rus_43
a531,zyx_cr_lez_rus_43
a531,zyx_cr_lez_rus_43
a531,zyx_cr_lez_rus_43
a531,zyx_cr_lez_rus_43
a531,zyx_cr_lez_rus_43
a531,zyx_cr_lez_rus_43
a531,zyx_cr_lez_rus_43
a531,zyx_cr_lez_rus_43
a531,zyx_cr_lez_rus_43
a551,zyx_cr_lez_rus_43
a881A,zyx_cr_lez_rus_43
a881A,zyx_cr_lez_rus_43
a881A,zyx_cr_lez_rus_43
a881A,zyx_cr_lez_rus_43
a881A,zyx_cr_lez_rus_43
a881A,zyx_cr_lez_rus_43
a881A,zyx_cr_lez_rus_43
a881A,zyx_cr_lez_rus_43
a881A,zyx_cr_lez_rus_43
a881A,zyx_cr_lez_rus_43
a881A,zyx_cr_lez_rus_43
a881A,zyx_cr_lez_rus_43
a881A,zyx_cr_lez_rus_43
a881A,zyx_cr_lez_rus_43
a881A,zyx_cr_lez_rus_43
a451,zyx_cr_lez_rus_6
a451,zyx_cr_lez_rus_6
a451,zyx_cr_lez_rus_6
a451,zyx_cr_lez_rus_6
a451,zyx_cr_lez_rus_6
a451,zyx_cr_lez_rus_6
a451,zyx_cr_lez_rus_6
a451,zyx_cr_lez_rus_6
a451,zyx_cr_lez_rus_6
a451,zyx_cr_lez_rus_6
a451,zyx_cr_lez_rus_6
a451,zyx_cr_lez_rus_6
a451,zyx_cr_lez_rus_6
a451,zyx_cr_lez_rus_6
a451,zyx_cr_lez_rus_6
a451,zyx_cr_lez_rus_6
a451,zyx_cr_lez_rus_6
a451,zyx_cr_lez_rus_6
a451,zyx_cr_lez_rus_6
a451,zyx_cr_lez_rus_6
a451,zyx_cr_lez_rus_6
a451,zyx_cr_lez_rus_6
a451,zyx_cr_lez_rus_6
a451,zyx_cr_lez_rus_6
a451,zyx_cr_lez_rus_6
a315A,zyx_cr_lez_rus_7
a315A,zyx_cr_lez_rus_7
a315A,zyx_cr_lez_rus_7
a315A,zyx_cr_lez_rus_7
a315A,zyx_cr_lez_rus_7
a315A,zyx_cr_lez_rus_7
a315A,zyx_cr_lez_rus_7
a315A,zyx_cr_lez_rus_7
a315A,zyx_cr_lez_rus_7
a315A,zyx_cr_lez_rus_7
a315A,zyx_cr_lez_rus_7
a301,zyx_cr_lez_rus_7
a301,zyx_cr_lez_rus_7
a301,zyx_cr_lez_rus_7
a301,zyx_cr_lez_rus_7
a301,zyx_cr_lez_rus_7
a301,zyx_cr_lez_rus_7
a301,zyx_cr_lez_rus_7
a301,zyx_cr_lez_rus_7
a551,zyx_cr_lez_rus_7
a551,zyx_cr_lez_rus_7
a551,zyx_cr_lez_rus_7
a551,zyx_cr_lez_rus_7
a551,zyx_cr_lez_rus_7
a551,zyx_cr_lez_rus_7
a551,zyx_cr_lez_rus_7
a551,zyx_cr_lez_rus_7
a551,zyx_cr_lez_rus_7
a551,zyx_cr_lez_rus_7
a551,zyx_cr_lez_rus_7
a551,zyx_cr_lez_rus_7
a551,zyx_cr_lez_rus_7
a551,zyx_cr_lez_rus_7
a551,zyx_cr_lez_rus_7
a315A,zyx_cr_lez_rus_7
a315A,zyx_cr_lez_rus_7
a551,zyx_cr_lez_rus_7
a403,zyx_cr_lez_rus_8
a403,zyx_cr_lez_rus_8
a403,zyx_cr_lez_rus_8
a403,zyx_cr_lez_rus_8
a403,zyx_cr_lez_rus_8
a403,zyx_cr_lez_rus_8
a403,zyx_cr_lez_rus_8
a403,zyx_cr_lez_rus_8
a403,zyx_cr_lez_rus_8
a403,zyx_cr_lez_rus_8
a403,zyx_cr_lez_rus_8
a403,zyx_cr_lez_rus_8
a403,zyx_cr_lez_rus_8
a403,zyx_cr_lez_rus_8
a403,zyx_cr_lez_rus_8
a403,zyx_cr_lez_rus_8
a403,zyx_cr_lez_rus_8
a403,zyx_cr_lez_rus_8
a403,zyx_cr_lez_rus_8
a403,zyx_cr_lez_rus_8
a403,zyx_cr_lez_rus_8
a403,zyx_cr_lez_rus_8
a403,zyx_cr_lez_rus_8
a511,zyx_cr_lez_rus_9
a511,zyx_cr_lez_rus_9
a511,zyx_cr_lez_rus_9
a511,zyx_cr_lez_rus_9
a511,zyx_cr_lez_rus_9
a511,zyx_cr_lez_rus_9
a511,zyx_cr_lez_rus_9
a511,zyx_cr_lez_rus_9
a510A,zyx_cr_lez_rus_9
a510A,zyx_cr_lez_rus_9
a510A,zyx_cr_lez_rus_9
a510A,zyx_cr_lez_rus_9
a510A,zyx_cr_lez_rus_9
a510A,zyx_cr_lez_rus_9
a403,zyx_cr_lez_rus_9
a403,zyx_cr_lez_rus_9
a403,zyx_cr_lez_rus_9
a403,zyx_cr_lez_rus_9
a403,zyx_cr_lez_rus_9
a403,zyx_cr_lez_rus_9
a403,zyx_cr_lez_rus_9
a403,zyx_cr_lez_rus_9
a403,zyx_cr_lez_rus_9
a170,zyx_cr_nog_rus_11
a170,zyx_cr_nog_rus_11
a170,zyx_cr_nog_rus_11
a170,zyx_cr_nog_rus_11
a155,zyx_cr_nog_rus_13
a155,zyx_cr_nog_rus_13
a155,zyx_cr_nog_rus_13
a155,zyx_cr_nog_rus_13
a155,zyx_cr_nog_rus_13
a155,zyx_cr_nog_rus_13
a155,zyx_cr_nog_rus_13
a531,zyx_cr_nog_rus_14
a531,zyx_cr_nog_rus_14
a531,zyx_cr_nog_rus_14
a531,zyx_cr_nog_rus_14
a531,zyx_cr_nog_rus_14
a531,zyx_cr_nog_rus_14
a531,zyx_cr_nog_rus_14
a531,zyx_cr_nog_rus_14
a531,zyx_cr_nog_rus_14
a531,zyx_cr_nog_rus_14
a531,zyx_cr_nog_rus_14
a531,zyx_cr_nog_rus_14
a531,zyx_cr_nog_rus_14
a531,zyx_cr_nog_rus_14
a531,zyx_cr_nog_rus_14
a531,zyx_cr_nog_rus_14
a531,zyx_cr_nog_rus_14
a531,zyx_cr_nog_rus_14
a531,zyx_cr_nog_rus_14
a531,zyx_cr_nog_rus_14
a531,zyx_cr_nog_rus_14
a531,zyx_cr_nog_rus_14
a531,zyx_cr_nog_rus_14
a531,zyx_cr_nog_rus_14
a531,zyx_cr_nog_rus_14
a531,zyx_cr_nog_rus_14
a531,zyx_cr_nog_rus_14
a531,zyx_cr_nog_rus_14
a531,zyx_cr_nog_rus_14
a531,zyx_cr_nog_rus_14
a531,zyx_cr_nog_rus_14
a531,zyx_cr_nog_rus_14
a560,zyx_cr_nog_rus_15
a560,zyx_cr_nog_rus_15
a560,zyx_cr_nog_rus_15
a560,zyx_cr_nog_rus_15
a560,zyx_cr_nog_rus_15
a560,zyx_cr_nog_rus_15
a560,zyx_cr_nog_rus_15
a560,zyx_cr_nog_rus_15
a560,zyx_cr_nog_rus_15
a560,zyx_cr_nog_rus_15
a560,zyx_cr_nog_rus_15
a560,zyx_cr_nog_rus_15
a560,zyx_cr_nog_rus_15
a545B,zyx_cr_nog_rus_16
a545B,zyx_cr_nog_rus_16
a545B,zyx_cr_nog_rus_16
a545B,zyx_cr_nog_rus_16
a545B,zyx_cr_nog_rus_16
a545B,zyx_cr_nog_rus_16
a545B,zyx_cr_nog_rus_16
a545B,zyx_cr_nog_rus_16
a545B,zyx_cr_nog_rus_16
a545B,zyx_cr_nog_rus_16
a545B,zyx_cr_nog_rus_16
a550,zyx_cr_nog_rus_17
a550,zyx_cr_nog_rus_17
a550,zyx_cr_nog_rus_17
a550,zyx_cr_nog_rus_17
a550,zyx_cr_nog_rus_17
a550,zyx_cr_nog_rus_17
a550,zyx_cr_nog_rus_17
a550,zyx_cr_nog_rus_17
a550,zyx_cr_nog_rus_17
a550,zyx_cr_nog_rus_17
a550,zyx_cr_nog_rus_17
a550,zyx_cr_nog_rus_17
a550,zyx_cr_nog_rus_17
a550,zyx_cr_nog_rus_17
a550,zyx_cr_nog_rus_17
a550,zyx_cr_nog_rus_17
a550,zyx_cr_nog_rus_17
a550,zyx_cr_nog_rus_17
a550,zyx_cr_nog_rus_17
a550,zyx_cr_nog_rus_17
a550,zyx_cr_nog_rus_17
a550,zyx_cr_nog_rus_17
a550,zyx_cr_nog_rus_17
a550,zyx_cr_nog_rus_17
a550,zyx_cr_nog_rus_17
a550,zyx_cr_nog_rus_17
a550,zyx_cr_nog_rus_17
a550,zyx_cr_nog_rus_17
a550,zyx_cr_nog_rus_17
a550,zyx_cr_nog_rus_17
a550,zyx_cr_nog_rus_17
a300,zyx_cr_nog_rus_17
a300,zyx_cr_nog_rus_17
a300,zyx_cr_nog_rus_17
a300,zyx_cr_nog_rus_17
a300,zyx_cr_nog_rus_17
a300,zyx_cr_nog_rus_17
a300,zyx_cr_nog_rus_17
a550,zyx_cr_nog_rus_17
a303A,zyx_cr_nog_rus_18
a303A,zyx_cr_nog_rus_18
a303A,zyx_cr_nog_rus_18
a303A,zyx_cr_nog_rus_18
a303A,zyx_cr_nog_rus_18
a303A,zyx_cr_nog_rus_18
a303A,zyx_cr_nog_rus_18
a303A,zyx_cr_nog_rus_18
a303A,zyx_cr_nog_rus_18
a303A,zyx_cr_nog_rus_18
a303A,zyx_cr_nog_rus_18
a303A,zyx_cr_nog_rus_18
a303A,zyx_cr_nog_rus_18
a303A,zyx_cr_nog_rus_18
a875,zyx_cr_nog_rus_2
a875,zyx_cr_nog_rus_2
a707,zyx_cr_nog_rus_20
a707,zyx_cr_nog_rus_20
a707,zyx_cr_nog_rus_20
a707,zyx_cr_nog_rus_20
a707,zyx_cr_nog_rus_20
a707,zyx_cr_nog_rus_20
a707,zyx_cr_nog_rus_20
a707,zyx_cr_nog_rus_20
a707,zyx_cr_nog_rus_20
a707,zyx_cr_nog_rus_20
a707,zyx_cr_nog_rus_20
a707,zyx_cr_nog_rus_20
a707,zyx_cr_nog_rus_20
a707,zyx_cr_nog_rus_20
a707,zyx_cr_nog_rus_20
a707,zyx_cr_nog_rus_20
a707,zyx_cr_nog_rus_20
a707,zyx_cr_nog_rus_20
a707,zyx_cr_nog_rus_20
a707,zyx_cr_nog_rus_20
a707,zyx_cr_nog_rus_20
a707,zyx_cr_nog_rus_20
a707,zyx_cr_nog_rus_20
a707,zyx_cr_nog_rus_20
a707,zyx_cr_nog_rus_20
a707,zyx_cr_nog_rus_20
a707,zyx_cr_nog_rus_20
a707,zyx_cr_nog_rus_20
a707,zyx_cr_nog_rus_20
a707,zyx_cr_nog_rus_20
a707,zyx_cr_nog_rus_20
a707,zyx_cr_nog_rus_20
a707,zyx_cr_nog_rus_20
a707,zyx_cr_nog_rus_20
a707,zyx_cr_nog_rus_20
a707,zyx_cr_nog_rus_20
a707,zyx_cr_nog_rus_20
a327,zyx_cr_nog_rus_23
a327,zyx_cr_nog_rus_23
a327,zyx_cr_nog_rus_23
a327,zyx_cr_nog_rus_23
a531,zyx_cr_nog_rus_23
a531,zyx_cr_nog_rus_23
a531,zyx_cr_nog_rus_23
a531,zyx_cr_nog_rus_23
a531,zyx_cr_nog_rus_23
a531,zyx_cr_nog_rus_23
a531,zyx_cr_nog_rus_23
a531,zyx_cr_nog_rus_23
a531,zyx_cr_nog_rus_23
a531,zyx_cr_nog_rus_23
a531,zyx_cr_nog_rus_23
a531,zyx_cr_nog_rus_23
a531,zyx_cr_nog_rus_23
a531,zyx_cr_nog_rus_23
a531,zyx_cr_nog_rus_23
a531,zyx_cr_nog_rus_23
a531,zyx_cr_nog_rus_23
a531,zyx_cr_nog_rus_23
a531,zyx_cr_nog_rus_23
a531,zyx_cr_nog_rus_23
a531,zyx_cr_nog_rus_23
a531,zyx_cr_nog_rus_23
a552,zyx_cr_nog_rus_27
a552,zyx_cr_nog_rus_27
a552,zyx_cr_nog_rus_27
a552,zyx_cr_nog_rus_27
a552,zyx_cr_nog_rus_27
a552,zyx_cr_nog_rus_27
a552,zyx_cr_nog_rus_27
a552,zyx_cr_nog_rus_27
a552,zyx_cr_nog_rus_27
a552,zyx_cr_nog_rus_27
a552,zyx_cr_nog_rus_27
a552,zyx_cr_nog_rus_27
a425A,zyx_cr_nog_rus_28
a425A,zyx_cr_nog_rus_28
a425A,zyx_cr_nog_rus_28
a425A,zyx_cr_nog_rus_28
a425A,zyx_cr_nog_rus_28
a425A,zyx_cr_nog_rus_28
a425A,zyx_cr_nog_rus_28
a425A,zyx_cr_nog_rus_28
a425A,zyx_cr_nog_rus_28
a425A,zyx_cr_nog_rus_28
a425A,zyx_cr_nog_rus_28
a425A,zyx_cr_nog_rus_28
a425A,zyx_cr_nog_rus_28
a471,zyx_cr_nog_rus_28
a471,zyx_cr_nog_rus_28
a471,zyx_cr_nog_rus_28
a471,zyx_cr_nog_rus_28
a471,zyx_cr_nog_rus_28
a471,zyx_cr_nog_rus_28
a471,zyx_cr_nog_rus_28
a471,zyx_cr_nog_rus_28
a471,zyx_cr_nog_rus_28
a471,zyx_cr_nog_rus_28
a471,zyx_cr_nog_rus_28
a471,zyx_cr_nog_rus_28
a425,zyx_cr_nog_rus_28
a314,zyx_cr_nog_rus_28
a314,zyx_cr_nog_rus_28
a314,zyx_cr_nog_rus_28
a314,zyx_cr_nog_rus_28
a314,zyx_cr_nog_rus_28
a314,zyx_cr_nog_rus_28
a314,zyx_cr_nog_rus_28
a314,zyx_cr_nog_rus_28
a314,zyx_cr_nog_rus_28
a314,zyx_cr_nog_rus_28
a314,zyx_cr_nog_rus_28
a314,zyx_cr_nog_rus_28
a314,zyx_cr_nog_rus_28
a314,zyx_cr_nog_rus_28
a314,zyx_cr_nog_rus_28
a312D,zyx_cr_nog_rus_29
a312D,zyx_cr_nog_rus_29
a312D,zyx_cr_nog_rus_29
a312D,zyx_cr_nog_rus_29
a312D,zyx_cr_nog_rus_29
a312D,zyx_cr_nog_rus_29
a312D,zyx_cr_nog_rus_29
a312D,zyx_cr_nog_rus_29
a312D,zyx_cr_nog_rus_29
a312D,zyx_cr_nog_rus_29
a312D,zyx_cr_nog_rus_29
a312D,zyx_cr_nog_rus_29
a312D,zyx_cr_nog_rus_29
a314,zyx_cr_nog_rus_29
a314,zyx_cr_nog_rus_29
a314,zyx_cr_nog_rus_29
a314,zyx_cr_nog_rus_29
a314,zyx_cr_nog_rus_29
a314,zyx_cr_nog_rus_29
a314,zyx_cr_nog_rus_29
a314,zyx_cr_nog_rus_29
a314,zyx_cr_nog_rus_29
a875,zyx_cr_nog_rus_3
a875,zyx_cr_nog_rus_3
a875,zyx_cr_nog_rus_3
a875,zyx_cr_nog_rus_3
a1562A,zyx_cr_nog_rus_3
a1562A,zyx_cr_nog_rus_3
a1562A,zyx_cr_nog_rus_3
a1562A,zyx_cr_nog_rus_3
a875,zyx_cr_nog_rus_3
a875,zyx_cr_nog_rus_3
a875,zyx_cr_nog_rus_3
a875,zyx_cr_nog_rus_3
a875,zyx_cr_nog_rus_3
a875,zyx_cr_nog_rus_3
a725,zyx_cr_nog_rus_30
a725,zyx_cr_nog_rus_30
a465,zyx_cr_nog_rus_30
a465,zyx_cr_nog_rus_30
a465,zyx_cr_nog_rus_30
a465,zyx_cr_nog_rus_30
a465,zyx_cr_nog_rus_30
a465,zyx_cr_nog_rus_30
a465,zyx_cr_nog_rus_30
a465,zyx_cr_nog_rus_30
a465,zyx_cr_nog_rus_30
a465,zyx_cr_nog_rus_30
a465,zyx_cr_nog_rus_30
a465,zyx_cr_nog_rus_30
a465,zyx_cr_nog_rus_30
a465,zyx_cr_nog_rus_30
a465,zyx_cr_nog_rus_30
a465,zyx_cr_nog_rus_30
a465,zyx_cr_nog_rus_30
a465,zyx_cr_nog_rus_30
a400,zyx_cr_nog_rus_30
a400,zyx_cr_nog_rus_30
a465,zyx_cr_nog_rus_30
a465,zyx_cr_nog_rus_30
a465,zyx_cr_nog_rus_30
a465,zyx_cr_nog_rus_30
a465,zyx_cr_nog_rus_30
a465,zyx_cr_nog_rus_30
a465,zyx_cr_nog_rus_30
a465,zyx_cr_nog_rus_30
a465,zyx_cr_nog_rus_30
a725,zyx_cr_nog_rus_30
a706,zyx_cr_nog_rus_31
a706,zyx_cr_nog_rus_31
a706,zyx_cr_nog_rus_31
a706,zyx_cr_nog_rus_31
a706,zyx_cr_nog_rus_31
a706,zyx_cr_nog_rus_31
a706,zyx_cr_nog_rus_31
a706,zyx_cr_nog_rus_31
a706,zyx_cr_nog_rus_31
a706,zyx_cr_nog_rus_31
a706,zyx_cr_nog_rus_31
a706,zyx_cr_nog_rus_31
a706,zyx_cr_nog_rus_31
a706,zyx_cr_nog_rus_31
a706,zyx_cr_nog_rus_31
a706,zyx_cr_nog_rus_31
a706,zyx_cr_nog_rus_31
a706,zyx_cr_nog_rus_31
a327A,zyx_cr_nog_rus_32
a327A,zyx_cr_nog_rus_32
a327A,zyx_cr_nog_rus_32
a327A,zyx_cr_nog_rus_32
a327A,zyx_cr_nog_rus_32
a327A,zyx_cr_nog_rus_32
a327A,zyx_cr_nog_rus_32
a327A,zyx_cr_nog_rus_32
a313,zyx_cr_nog_rus_32
a327A,zyx_cr_nog_rus_32
a654,zyx_cr_nog_rus_34
a654,zyx_cr_nog_rus_34
a654,zyx_cr_nog_rus_34
a654,zyx_cr_nog_rus_34
a654,zyx_cr_nog_rus_34
a654,zyx_cr_nog_rus_34
a654,zyx_cr_nog_rus_34
a654,zyx_cr_nog_rus_34
a654,zyx_cr_nog_rus_34
a654,zyx_cr_nog_rus_34
a654,zyx_cr_nog_rus_34
a654,zyx_cr_nog_rus_34
a1539,zyx_cr_nog_rus_39
a1539,zyx_cr_nog_rus_39
a1539,zyx_cr_nog_rus_39
a1539,zyx_cr_nog_rus_39
a1539,zyx_cr_nog_rus_39
a1539,zyx_cr_nog_rus_39
a1539,zyx_cr_nog_rus_39
a1539,zyx_cr_nog_rus_39
a1539,zyx_cr_nog_rus_39
a1539,zyx_cr_nog_rus_39
a1641,zyx_cr_nog_rus_4
a1641,zyx_cr_nog_rus_4
a1641,zyx_cr_nog_rus_4
a875,zyx_cr_nog_rus_45
a875,zyx_cr_nog_rus_45
a875,zyx_cr_nog_rus_45
a875,zyx_cr_nog_rus_45
a875,zyx_cr_nog_rus_45
a875,zyx_cr_nog_rus_45
a875,zyx_cr_nog_rus_45
a875,zyx_cr_nog_rus_45
a875,zyx_cr_nog_rus_45
a875,zyx_cr_nog_rus_45
a875,zyx_cr_nog_rus_45
a875,zyx_cr_nog_rus_45
a875,zyx_cr_nog_rus_45
a875,zyx_cr_nog_rus_45
a875,zyx_cr_nog_rus_45
a875,zyx_cr_nog_rus_45
a875,zyx_cr_nog_rus_45
aTMJ1545_4,zyx_cr_nog_rus_45
aTMJ1545_4,zyx_cr_nog_rus_45
a1164,zyx_cr_nog_rus_46
a1164,zyx_cr_nog_rus_46
a1164,zyx_cr_nog_rus_46
a1862B,zyx_cr_nog_rus_46
a1164,zyx_cr_nog_rus_46
a1164,zyx_cr_nog_rus_46
anh583,zyx_cr_nog_rus_50
anh583,zyx_cr_nog_rus_50
anh583,zyx_cr_nog_rus_50
anh583,zyx_cr_nog_rus_50
a301,zyx_cr_nog_rus_54
a301,zyx_cr_nog_rus_54
a301,zyx_cr_nog_rus_54
a301,zyx_cr_nog_rus_54
a301,zyx_cr_nog_rus_54
a301,zyx_cr_nog_rus_54
a519,zyx_cr_nog_rus_54
a519,zyx_cr_nog_rus_54
a551,zyx_cr_rut_rus_1
a551,zyx_cr_rut_rus_1
a551,zyx_cr_rut_rus_1
a551,zyx_cr_rut_rus_1
a551,zyx_cr_rut_rus_1
a551,zyx_cr_rut_rus_1
a551,zyx_cr_rut_rus_1
a551,zyx_cr_rut_rus_1
a507,zyx_cr_rut_rus_1
a449,zyx_cr_rut_rus_1
a449,zyx_cr_rut_rus_1
a449,zyx_cr_rut_rus_1
a449,zyx_cr_rut_rus_1
a449,zyx_cr_rut_rus_1
a449,zyx_cr_rut_rus_1
a449,zyx_cr_rut_rus_1
a449,zyx_cr_rut_rus_1
a449,zyx_cr_rut_rus_1
a449,zyx_cr_rut_rus_1
a449,zyx_cr_rut_rus_1
a449,zyx_cr_rut_rus_1
a507,zyx_cr_rut_rus_1
a507,zyx_cr_rut_rus_1
a507,zyx_cr_rut_rus_1
a507,zyx_cr_rut_rus_1
a551,zyx_cr_rut_rus_1
a551,zyx_cr_rut_rus_1
a551,zyx_cr_rut_rus_1
a1539,zyx_cr_rut_rus_10
a1539,zyx_cr_rut_rus_10
a1539,zyx_cr_rut_rus_10
a1539,zyx_cr_rut_rus_10
a1539,zyx_cr_rut_rus_10
a1539,zyx_cr_rut_rus_10
a1539,zyx_cr_rut_rus_10
a1539,zyx_cr_rut_rus_10
a1539,zyx_cr_rut_rus_10
a910E,zyx_cr_rut_rus_12
a910E,zyx_cr_rut_rus_12
a910E,zyx_cr_rut_rus_12
a910E,zyx_cr_rut_rus_12
a1000,zyx_cr_rut_rus_12
a1000,zyx_cr_rut_rus_12
a1000,zyx_cr_rut_rus_12
a1000,zyx_cr_rut_rus_12
a1000,zyx_cr_rut_rus_12
a1000,zyx_cr_rut_rus_12
a1000,zyx_cr_rut_rus_12
a1000,zyx_cr_rut_rus_12
a1000,zyx_cr_rut_rus_12
a1000,zyx_cr_rut_rus_12
a1000,zyx_cr_rut_rus_12
a1000,zyx_cr_rut_rus_12
a1000,zyx_cr_rut_rus_12
a1000,zyx_cr_rut_rus_12
a910E,zyx_cr_rut_rus_12
a1313A,zyx_cr_rut_rus_15
a1313A,zyx_cr_rut_rus_15
a531,zyx_cr_rut_rus_2
a531,zyx_cr_rut_rus_2
a531,zyx_cr_rut_rus_2
a531,zyx_cr_rut_rus_2
a531,zyx_cr_rut_rus_2
a531,zyx_cr_rut_rus_2
a531,zyx_cr_rut_rus_2
a513A,zyx_cr_rut_rus_2
a513A,zyx_cr_rut_rus_2
a513A,zyx_cr_rut_rus_2
a513A,zyx_cr_rut_rus_2
a513A,zyx_cr_rut_rus_2
a513A,zyx_cr_rut_rus_2
a513A,zyx_cr_rut_rus_2
a513A,zyx_cr_rut_rus_2
a513A,zyx_cr_rut_rus_2
a513A,zyx_cr_rut_rus_2
a531,zyx_cr_rut_rus_2
a441,zyx_cr_rut_rus_5
a441,zyx_cr_rut_rus_5
a441,zyx_cr_rut_rus_5
a441,zyx_cr_rut_rus_5
a441,zyx_cr_rut_rus_5
a441,zyx_cr_rut_rus_5
a441,zyx_cr_rut_rus_5
a441,zyx_cr_rut_rus_5
a441,zyx_cr_rut_rus_5
a425A,zyx_cr_rut_rus_5
a425A,zyx_cr_rut_rus_5
a425A,zyx_cr_rut_rus_5
a425A,zyx_cr_rut_rus_5
a425B,zyx_cr_rut_rus_5
a441,zyx_cr_rut_rus_5
a425B,zyx_cr_rut_rus_5
a425B,zyx_cr_rut_rus_5
a425B,zyx_cr_rut_rus_5
a313,zyx_cr_rut_rus_5
a313,zyx_cr_rut_rus_5
a313,zyx_cr_rut_rus_5
a460A,zyx_cr_rut_rus_9
a460A,zyx_cr_rut_rus_9
a460A,zyx_cr_rut_rus_9
a460A,zyx_cr_rut_rus_9
a460A,zyx_cr_rut_rus_9
a460A,zyx_cr_rut_rus_9
a460A,zyx_cr_rut_rus_9
a460A,zyx_cr_rut_rus_9
a551,zyx_cr_tab_rus_1
a551,zyx_cr_tab_rus_1
a551,zyx_cr_tab_rus_1
a551,zyx_cr_tab_rus_1
a551,zyx_cr_tab_rus_1
a507,zyx_cr_tab_rus_1
a507,zyx_cr_tab_rus_1
a507,zyx_cr_tab_rus_1
a507,zyx_cr_tab_rus_1
a507,zyx_cr_tab_rus_1
a507,zyx_cr_tab_rus_1
a507,zyx_cr_tab_rus_1
a507,zyx_cr_tab_rus_1
a507,zyx_cr_tab_rus_1
a507,zyx_cr_tab_rus_1
a507,zyx_cr_tab_rus_1
a507,zyx_cr_tab_rus_1
a507,zyx_cr_tab_rus_1
a507,zyx_cr_tab_rus_1
a551,zyx_cr_tab_rus_1
a1641,zyx_cr_tab_rus_11
a1641,zyx_cr_tab_rus_11
a1641,zyx_cr_tab_rus_11
a1641,zyx_cr_tab_rus_11
a1641,zyx_cr_tab_rus_11
anh395,zyx_cr_tab_rus_17
anh395,zyx_cr_tab_rus_17
anh395,zyx_cr_tab_rus_17
anh395,zyx_cr_tab_rus_17
anh395,zyx_cr_tab_rus_17
anh395,zyx_cr_tab_rus_17
anh395,zyx_cr_tab_rus_17
anh355,zyx_cr_tab_rus_18
anh355,zyx_cr_tab_rus_18
anh355,zyx_cr_tab_rus_18
anh415,zyx_cr_tab_rus_19
anh415,zyx_cr_tab_rus_19
anh415,zyx_cr_tab_rus_19
anh415,zyx_cr_tab_rus_19
a1539,zyx_cr_tab_rus_20
a1539,zyx_cr_tab_rus_20
a1539,zyx_cr_tab_rus_20
a1539,zyx_cr_tab_rus_20
a1539,zyx_cr_tab_rus_20
a1539,zyx_cr_tab_rus_20
a1539,zyx_cr_tab_rus_20
a1539,zyx_cr_tab_rus_20
a1643,zyx_cr_tab_rus_21
a1643,zyx_cr_tab_rus_21
a1643,zyx_cr_tab_rus_21
a1643,zyx_cr_tab_rus_21
a1643,zyx_cr_tab_rus_21
a1643,zyx_cr_tab_rus_21
a551,zyx_cr_tab_rus_22
a551,zyx_cr_tab_rus_22
a551,zyx_cr_tab_rus_22
a531,zyx_cr_tab_rus_22
a531,zyx_cr_tab_rus_22
a551,zyx_cr_tab_rus_22
a531,zyx_cr_tab_rus_22
a650A,zyx_cr_tab_rus_23
a650A,zyx_cr_tab_rus_23
a650A,zyx_cr_tab_rus_23
a650A,zyx_cr_tab_rus_23
a650A,zyx_cr_tab_rus_23
a650A,zyx_cr_tab_rus_23
a545B,zyx_cr_tab_rus_24
a545B,zyx_cr_tab_rus_24
a545B,zyx_cr_tab_rus_24
a545B,zyx_cr_tab_rus_24
a545B,zyx_cr_tab_rus_24
a545B,zyx_cr_tab_rus_24
a1539,zyx_cr_tab_rus_27
a1539,zyx_cr_tab_rus_27
a1539,zyx_cr_tab_rus_27
a1539,zyx_cr_tab_rus_27
a1539,zyx_cr_tab_rus_27
a1539,zyx_cr_tab_rus_27
a460A,zyx_cr_tab_rus_30
a460A,zyx_cr_tab_rus_30
a460A,zyx_cr_tab_rus_30
a460A,zyx_cr_tab_rus_30
a460A,zyx_cr_tab_rus_30
a460A,zyx_cr_tab_rus_30
a460A,zyx_cr_tab_rus_30
a460A,zyx_cr_tab_rus_30
a1592B,zyx_cr_tab_rus_32
a1592B,zyx_cr_tab_rus_32
a1240,zyx_cr_tab_rus_35
a1240,zyx_cr_tab_rus_35
a1240,zyx_cr_tab_rus_35
a1240,zyx_cr_tab_rus_35
a1240,zyx_cr_tab_rus_35
a1240,zyx_cr_tab_rus_35
a1240,zyx_cr_tab_rus_35
a1592B,zyx_cr_tab_rus_36
a1592B,zyx_cr_tab_rus_36
a56B,zyx_cr_tab_rus_42
a56B,zyx_cr_tab_rus_42
a56B,zyx_cr_tab_rus_42
a56B,zyx_cr_tab_rus_42
a56B,zyx_cr_tab_rus_42
a8,zyx_cr_tab_rus_42
a38,zyx_cr_tab_rus_42
a707,zyx_cr_tab_rus_5
a707,zyx_cr_tab_rus_5
a707,zyx_cr_tab_rus_5
a707,zyx_cr_tab_rus_5
a707,zyx_cr_tab_rus_5
a707,zyx_cr_tab_rus_5
a707,zyx_cr_tab_rus_5
a707,zyx_cr_tab_rus_5
a707,zyx_cr_tab_rus_5
a707,zyx_cr_tab_rus_5
a707,zyx_cr_tab_rus_5
a706,zyx_cr_tab_rus_5
a706,zyx_cr_tab_rus_5
a706,zyx_cr_tab_rus_5
a706,zyx_cr_tab_rus_5
a706,zyx_cr_tab_rus_5
a706,zyx_cr_tab_rus_5
a302,zyx_cr_tab_rus_5
a302,zyx_cr_tab_rus_5
a706,zyx_cr_tab_rus_5
a706,zyx_cr_tab_rus_5
a706,zyx_cr_tab_rus_5
a480,zyx_cr_tab_rus_6
a480,zyx_cr_tab_rus_6
a480,zyx_cr_tab_rus_6
a480,zyx_cr_tab_rus_6
a480,zyx_cr_tab_rus_6
a480,zyx_cr_tab_rus_6
a480,zyx_cr_tab_rus_6
a480,zyx_cr_tab_rus_6
a480,zyx_cr_tab_rus_6
a480,zyx_cr_tab_rus_6
a480,zyx_cr_tab_rus_6
a480,zyx_cr_tab_rus_6
a480,zyx_cr_tab_rus_6
a480,zyx_cr_tab_rus_6
a325,zyx_cr_tab_rus_7
a325,zyx_cr_tab_rus_7
a325,zyx_cr_tab_rus_7
a325,zyx_cr_tab_rus_7
a325,zyx_cr_tab_rus_7
a325,zyx_cr_tab_rus_7
a325,zyx_cr_tab_rus_7
a325,zyx_cr_tab_rus_7
a325,zyx_cr_tab_rus_7
a325,zyx_cr_tab_rus_7
a325,zyx_cr_tab_rus_7
a325,zyx_cr_tab_rus_7
a325,zyx_cr_tab_rus_7
a325,zyx_cr_tab_rus_7
a325,zyx_cr_tab_rus_7
a325,zyx_cr_tab_rus_7
a922,zyx_cr_tab_rus_9
a922,zyx_cr_tab_rus_9
a922,zyx_cr_tab_rus_9
a922,zyx_cr_tab_rus_9
a922,zyx_cr_tab_rus_9
a922,zyx_cr_tkr_rus_1
a922,zyx_cr_tkr_rus_1
a922,zyx_cr_tkr_rus_1
a922,zyx_cr_tkr_rus_1
a922,zyx_cr_tkr_rus_1
a922,zyx_cr_tkr_rus_1
a922,zyx_cr_tkr_rus_1
a922,zyx_cr_tkr_rus_1
a1534D*,zyx_cr_tkr_rus_3
a1534D*,zyx_cr_tkr_rus_3
a1534D*,zyx_cr_tkr_rus_3
a1534D*,zyx_cr_tkr_rus_3
a1534D*,zyx_cr_tkr_rus_3
a1534D*,zyx_cr_tkr_rus_3
a613,zyx_cr_ttt_rus_11
a613,zyx_cr_ttt_rus_11
a613,zyx_cr_ttt_rus_11
a613,zyx_cr_ttt_rus_11
a613,zyx_cr_ttt_rus_11
a613,zyx_cr_ttt_rus_11
a613,zyx_cr_ttt_rus_11
a613,zyx_cr_ttt_rus_11
a613,zyx_cr_ttt_rus_11
a613,zyx_cr_ttt_rus_11
a613,zyx_cr_ttt_rus_11
a613,zyx_cr_ttt_rus_11
a613,zyx_cr_ttt_rus_11
a613,zyx_cr_ttt_rus_11
a613,zyx_cr_ttt_rus_11
aE2,zyx_cr_ttt_rus_19
aE2,zyx_cr_ttt_rus_19
aE2,zyx_cr_ttt_rus_19
aE2,zyx_cr_ttt_rus_19
aE2,zyx_cr_ttt_rus_19
aE2,zyx_cr_ttt_rus_19
aE2,zyx_cr_ttt_rus_19
aE2,zyx_cr_ttt_rus_19
aE2,zyx_cr_ttt_rus_19
aE2,zyx_cr_ttt_rus_19
aE2,zyx_cr_ttt_rus_19
aE2,zyx_cr_ttt_rus_19
aE2,zyx_cr_ttt_rus_19
aE2,zyx_cr_ttt_rus_19
aE2,zyx_cr_ttt_rus_19
aE2,zyx_cr_ttt_rus_19
aE2,zyx_cr_ttt_rus_19
aE2,zyx_cr_ttt_rus_19
aE2,zyx_cr_ttt_rus_19
aE2,zyx_cr_ttt_rus_19
aE2,zyx_cr_ttt_rus_19
aE2,zyx_cr_ttt_rus_19
aE2,zyx_cr_ttt_rus_19
aE2,zyx_cr_ttt_rus_19
aE2,zyx_cr_ttt_rus_19
aE2,zyx_cr_ttt_rus_19
aE2,zyx_cr_ttt_rus_19
aE2,zyx_cr_ttt_rus_19
aE2,zyx_cr_ttt_rus_19
aE2,zyx_cr_ttt_rus_19
aE2,zyx_cr_ttt_rus_19
aE2,zyx_cr_ttt_rus_19
aE2,zyx_cr_ttt_rus_19
aE2,zyx_cr_ttt_rus_19
aE2,zyx_cr_ttt_rus_19
aE2,zyx_cr_ttt_rus_19
aE2,zyx_cr_ttt_rus_19
aE2,zyx_cr_ttt_rus_19
aE2,zyx_cr_ttt_rus_19
aE2,zyx_cr_ttt_rus_19
aE2,zyx_cr_ttt_rus_19
aE2,zyx_cr_ttt_rus_19
aE2,zyx_cr_ttt_rus_19
aE2,zyx_cr_ttt_rus_19
aE2,zyx_cr_ttt_rus_19
aE2,zyx_cr_ttt_rus_19
aE2,zyx_cr_ttt_rus_19
aE2,zyx_cr_ttt_rus_19
aE2,zyx_cr_ttt_rus_19
aE2,zyx_cr_ttt_rus_19
aE2,zyx_cr_ttt_rus_19
aE2,zyx_cr_ttt_rus_19
aE2,zyx_cr_ttt_rus_19
aE2,zyx_cr_ttt_rus_19
aE2,zyx_cr_ttt_rus_19
aE2,zyx_cr_ttt_rus_19
aE2,zyx_cr_ttt_rus_19
aE2,zyx_cr_ttt_rus_19
aE2,zyx_cr_ttt_rus_19
aE2,zyx_cr_ttt_rus_19
aE2,zyx_cr_ttt_rus_19
a881A,zyx_cr_ttt_rus_23
a881A,zyx_cr_ttt_rus_23
a881A,zyx_cr_ttt_rus_23
a881A,zyx_cr_ttt_rus_23
a881A,zyx_cr_ttt_rus_23
a881A,zyx_cr_ttt_rus_23
a881A,zyx_cr_ttt_rus_23
a881A,zyx_cr_ttt_rus_23
a881A,zyx_cr_ttt_rus_23
a881A,zyx_cr_ttt_rus_23
a881A,zyx_cr_ttt_rus_23
a881A,zyx_cr_ttt_rus_23
a881A,zyx_cr_ttt_rus_23
a881A,zyx_cr_ttt_rus_23
a881A,zyx_cr_ttt_rus_23
a881A,zyx_cr_ttt_rus_23
a881A,zyx_cr_ttt_rus_23
a881A,zyx_cr_ttt_rus_23
a881A,zyx_cr_ttt_rus_23
a881A,zyx_cr_ttt_rus_23
a881A,zyx_cr_ttt_rus_23
a881A,zyx_cr_ttt_rus_23
a881A,zyx_cr_ttt_rus_23
a881A,zyx_cr_ttt_rus_23
a881A,zyx_cr_ttt_rus_23
a881A,zyx_cr_ttt_rus_23
a881A,zyx_cr_ttt_rus_23
a881A,zyx_cr_ttt_rus_23
a881A,zyx_cr_ttt_rus_23
a881A,zyx_cr_ttt_rus_23
a881A,zyx_cr_ttt_rus_23
a881A,zyx_cr_ttt_rus_23
a881A,zyx_cr_ttt_rus_23
a881A,zyx_cr_ttt_rus_23
a881A,zyx_cr_ttt_rus_23
a881A,zyx_cr_ttt_rus_23
a881A,zyx_cr_ttt_rus_23
a881A,zyx_cr_ttt_rus_23
a1199,zyx_cr_ttt_rus_25
a1199,zyx_cr_ttt_rus_25
a1199,zyx_cr_ttt_rus_25
a1199,zyx_cr_ttt_rus_25
a1199,zyx_cr_ttt_rus_25
a1199,zyx_cr_ttt_rus_25
a1199,zyx_cr_ttt_rus_25
a1199,zyx_cr_ttt_rus_25
a1199,zyx_cr_ttt_rus_25
a507,zyx_cr_ttt_rus_26
a507,zyx_cr_ttt_rus_26
a507,zyx_cr_ttt_rus_26
a507,zyx_cr_ttt_rus_26
a507,zyx_cr_ttt_rus_26
a507,zyx_cr_ttt_rus_26
a507,zyx_cr_ttt_rus_26
a507,zyx_cr_ttt_rus_26
a507,zyx_cr_ttt_rus_26
a507,zyx_cr_ttt_rus_26
a507,zyx_cr_ttt_rus_26
a507,zyx_cr_ttt_rus_26
a507,zyx_cr_ttt_rus_26
a507,zyx_cr_ttt_rus_26
a507,zyx_cr_ttt_rus_26
a507,zyx_cr_ttt_rus_26
a507,zyx_cr_ttt_rus_26
a507,zyx_cr_ttt_rus_26
a507,zyx_cr_ttt_rus_26
a507,zyx_cr_ttt_rus_26
a507,zyx_cr_ttt_rus_26
a471,zyx_cr_ttt_rus_27
a471,zyx_cr_ttt_rus_27
a471,zyx_cr_ttt_rus_27
a471,zyx_cr_ttt_rus_27
a471,zyx_cr_ttt_rus_27
a471,zyx_cr_ttt_rus_27
a471,zyx_cr_ttt_rus_27
a471,zyx_cr_ttt_rus_27
a471,zyx_cr_ttt_rus_27
a471,zyx_cr_ttt_rus_27
a471,zyx_cr_ttt_rus_27
a471,zyx_cr_ttt_rus_27
a471,zyx_cr_ttt_rus_27
a471,zyx_cr_ttt_rus_27
a471,zyx_cr_ttt_rus_27
a471,zyx_cr_ttt_rus_27
a471,zyx_cr_ttt_rus_27
a471,zyx_cr_ttt_rus_27
a471,zyx_cr_ttt_rus_27
a471,zyx_cr_ttt_rus_27
a471,zyx_cr_ttt_rus_27
a471,zyx_cr_ttt_rus_27
a471,zyx_cr_ttt_rus_27
a563,zyx_cr_ttt_rus_29
a563,zyx_cr_ttt_rus_29
a563,zyx_cr_ttt_rus_29
a563,zyx_cr_ttt_rus_29
a563,zyx_cr_ttt_rus_29
a563,zyx_cr_ttt_rus_29
a563,zyx_cr_ttt_rus_29
a563,zyx_cr_ttt_rus_29
a563,zyx_cr_ttt_rus_29
a563,zyx_cr_ttt_rus_29
a563,zyx_cr_ttt_rus_29
a563,zyx_cr_ttt_rus_29
a563,zyx_cr_ttt_rus_29
a563,zyx_cr_ttt_rus_29
a563,zyx_cr_ttt_rus_29
a563,zyx_cr_ttt_rus_29
a563,zyx_cr_ttt_rus_29
a563,zyx_cr_ttt_rus_29
a563,zyx_cr_ttt_rus_29
a563,zyx_cr_ttt_rus_29
a563,zyx_cr_ttt_rus_29
a563,zyx_cr_ttt_rus_29
a563,zyx_cr_ttt_rus_29
a563,zyx_cr_ttt_rus_29
a706,zyx_cr_ttt_rus_32
a706,zyx_cr_ttt_rus_32
a706,zyx_cr_ttt_rus_32
a706,zyx_cr_ttt_rus_32
a706,zyx_cr_ttt_rus_32
a706,zyx_cr_ttt_rus_32
a706,zyx_cr_ttt_rus_32
a706,zyx_cr_ttt_rus_32
a706,zyx_cr_ttt_rus_32
a706,zyx_cr_ttt_rus_32
a706,zyx_cr_ttt_rus_32
a706,zyx_cr_ttt_rus_32
a706,zyx_cr_ttt_rus_32
a706,zyx_cr_ttt_rus_32
a706,zyx_cr_ttt_rus_32
a706,zyx_cr_ttt_rus_32
a706,zyx_cr_ttt_rus_32
a706,zyx_cr_ttt_rus_32
a706,zyx_cr_ttt_rus_32
a706,zyx_cr_ttt_rus_32
a706,zyx_cr_ttt_rus_32
a706,zyx_cr_ttt_rus_32
a706,zyx_cr_ttt_rus_32
a706,zyx_cr_ttt_rus_32
a706,zyx_cr_ttt_rus_32
a706,zyx_cr_ttt_rus_32
a706,zyx_cr_ttt_rus_32
a706,zyx_cr_ttt_rus_32
a706,zyx_cr_ttt_rus_32
a922,zyx_cr_ttt_rus_50
a922,zyx_cr_ttt_rus_50
a922,zyx_cr_ttt_rus_50
a922,zyx_cr_ttt_rus_50
a922,zyx_cr_ttt_rus_50
a922,zyx_cr_ttt_rus_50
a922,zyx_cr_ttt_rus_50
a922,zyx_cr_ttt_rus_50
a922,zyx_cr_ttt_rus_50
a910,zyx_cr_ttt_rus_51
a930,zyx_cr_ttt_rus_53
a930,zyx_cr_ttt_rus_53
a930,zyx_cr_ttt_rus_53
a930,zyx_cr_ttt_rus_53
a930,zyx_cr_ttt_rus_53
a930,zyx_cr_ttt_rus_53
a930,zyx_cr_ttt_rus_53
a930,zyx_cr_ttt_rus_53
a930,zyx_cr_ttt_rus_53
a930,zyx_cr_ttt_rus_53
a930,zyx_cr_ttt_rus_53
a930,zyx_cr_ttt_rus_53
a930,zyx_cr_ttt_rus_53
a930,zyx_cr_ttt_rus_53
a930,zyx_cr_ttt_rus_53
a930,zyx_cr_ttt_rus_53
a930,zyx_cr_ttt_rus_53
a930,zyx_cr_ttt_rus_53
a930,zyx_cr_ttt_rus_53
a655,zyx_cr_ttt_rus_6
a655,zyx_cr_ttt_rus_6
a655,zyx_cr_ttt_rus_6
a655,zyx_cr_ttt_rus_6
a655,zyx_cr_ttt_rus_6
a655,zyx_cr_ttt_rus_6
a655,zyx_cr_ttt_rus_6
a655,zyx_cr_ttt_rus_6
a655,zyx_cr_ttt_rus_6
a655,zyx_cr_ttt_rus_6
a655,zyx_cr_ttt_rus_6
a655,zyx_cr_ttt_rus_6
a655,zyx_cr_ttt_rus_6
a655,zyx_cr_ttt_rus_6
a655,zyx_cr_ttt_rus_6
a655,zyx_cr_ttt_rus_6
a655,zyx_cr_ttt_rus_6
a655,zyx_cr_ttt_rus_6
a655,zyx_cr_ttt_rus_6
a655,zyx_cr_ttt_rus_6
a655,zyx_cr_ttt_rus_6
a655,zyx_cr_ttt_rus_6
a655,zyx_cr_ttt_rus_6
a655,zyx_cr_ttt_rus_6
a655,zyx_cr_ttt_rus_6
a976,zyx_cr_ttt_rus_6
a655,zyx_cr_ttt_rus_6
a655,zyx_cr_ttt_rus_6
a545B,zyx_cr_ttt_rus_63
a545B,zyx_cr_ttt_rus_63
a545B,zyx_cr_ttt_rus_63
a545B,zyx_cr_ttt_rus_63
a545B,zyx_cr_ttt_rus_63
a545B,zyx_cr_ttt_rus_63
a545B,zyx_cr_ttt_rus_63
a545B,zyx_cr_ttt_rus_63
a545B,zyx_cr_ttt_rus_63
a545B,zyx_cr_ttt_rus_63
a545B,zyx_cr_ttt_rus_63
a545B,zyx_cr_ttt_rus_63
